ssoc_code,title,major_group,major_group_label,estimated_employment,data_quality
11110,Legislator,1,Managers,1475,two_digit_distributed_varied
11122,Senior statutory board official,1,Managers,124,two_digit_distributed_varied
11140,Senior official of political party organisation,1,Managers,757,two_digit_distributed_varied
11150,Senior official of employers’/workers’ and related economic-interest organisation,1,Managers,1114,two_digit_distributed_varied
11160,Senior official of humanitarian and other special-interest organisation,1,Managers,1901,two_digit_distributed_varied
11203,Chief operating officer/General manager,1,Managers,44929,two_digit_distributed_wage_weighted
12113,Audit manager,1,Managers,28893,two_digit_distributed_wage_weighted
12123,Training manager,1,Managers,26291,two_digit_distributed_wage_weighted
12133,Risk management manager,1,Managers,26020,two_digit_distributed_wage_weighted
12199,Other business services/administration manager n.e.c.,1,Managers,1598,two_digit_distributed_varied
12215,Online sales channel manager,1,Managers,28242,two_digit_distributed_wage_weighted
12222,Marketing manager,1,Managers,25205,two_digit_distributed_wage_weighted
12230,Research and development manager,1,Managers,24903,two_digit_distributed_wage_weighted
12242,Call centre manager,1,Managers,26449,two_digit_distributed_wage_weighted
13100,Production manager in agriculture/fisheries,1,Managers,15610,two_digit_distributed_wage_weighted
13210,Manufacturing manager,1,Managers,14313,two_digit_distributed_wage_weighted
13230,Construction manager,1,Managers,11980,two_digit_distributed_wage_weighted
13245,Port/Shipping operations manager,1,Managers,16097,two_digit_distributed_wage_weighted
13299,Other production/operations manager n.e.c.,1,Managers,31,two_digit_distributed_varied
13301,Chief information officer/Chief technology officer/Chief information security,1,Managers,21771,two_digit_distributed_wage_weighted
13302,Application development manager Alternative Title,1,Managers,320,two_digit_distributed_varied
13306,ICT product design manager,1,Managers,315,two_digit_distributed_varied
13410,Preschool education/Early intervention centre manager,1,Managers,84,two_digit_distributed_varied
13420,Health services manager,1,Managers,12027,two_digit_distributed_wage_weighted
13430,Aged care services manager,1,Managers,14680,two_digit_distributed_wage_weighted
13442,Volunteer manager,1,Managers,25,two_digit_distributed_varied
13459,Education/Training institution manager n.e.c.,1,Managers,18,two_digit_distributed_varied
13463,Financial risk manager,1,Managers,14813,two_digit_distributed_wage_weighted
13499,Other professional/financial/community/social services manager n.e.c.,1,Managers,17,two_digit_distributed_varied
14110,Hotel operations/Lodging services manager,1,Managers,9206,two_digit_distributed_wage_weighted
14123,Food and beverage operations manager,1,Managers,12468,two_digit_distributed_wage_weighted
14202,Wholesale trade manager,1,Managers,14399,two_digit_distributed_wage_weighted
14310,Sports centre manager,1,Managers,8523,two_digit_distributed_wage_weighted
14329,Recreation centre manager n.e.c.,1,Managers,71,two_digit_distributed_varied
14330,Arts/Cultural centre manager,1,Managers,33,two_digit_distributed_varied
14399,Other services manager n.e.c.,1,Managers,100,two_digit_distributed_varied
21110,Physicist/Astronomer,2,Professionals,3,two_digit_distributed_varied
21120,Meteorologist,2,Professionals,9056,two_digit_distributed_wage_weighted
21130,Chemist,2,Professionals,7694,two_digit_distributed_wage_weighted
21149,Geologist/Geophysicist and related physical science professional n.e.c.,2,Professionals,11,two_digit_distributed_varied
21213,Actuary,2,Professionals,8823,two_digit_distributed_wage_weighted
21222,Data scientist,2,Professionals,9615,two_digit_distributed_wage_weighted
21239,Other statistical/mathematical/actuarial professional n.e.c.,2,Professionals,51,two_digit_distributed_varied
21319,Biologist/Botanist/Zoologist and related professional n.e.c.,2,Professionals,21,two_digit_distributed_varied
21329,Farming/Forestry/Fishery adviser n.e.c.,2,Professionals,109,two_digit_distributed_varied
21339,Environmental protection and related professional n.e.c.,2,Professionals,60,two_digit_distributed_varied
21349,Pharmacologist and related professional n.e.c.,2,Professionals,170,two_digit_distributed_varied
21415,Process engineer,2,Professionals,8594,two_digit_distributed_wage_weighted
21422,Building construction engineer,2,Professionals,7978,two_digit_distributed_wage_weighted
21430,Environmental engineer,2,Professionals,8438,two_digit_distributed_wage_weighted
21444,Port equipment engineer,2,Professionals,7617,two_digit_distributed_wage_weighted
21454,Food/Drink technologist,2,Professionals,8802,two_digit_distributed_wage_weighted
21460,Mining engineer/Metallurgist and related professional,2,Professionals,18,two_digit_distributed_varied
21475,Rolling stock engineer,2,Professionals,8868,two_digit_distributed_wage_weighted
21499,Other engineering professional n.e.c.,2,Professionals,42,two_digit_distributed_varied
21513,Lift engineer,2,Professionals,7456,two_digit_distributed_wage_weighted
21526,Embedded systems engineer,2,Professionals,193,two_digit_distributed_varied
21532,Telecommunications engineer,2,Professionals,8510,two_digit_distributed_wage_weighted
21610,Building architect,2,Professionals,8206,two_digit_distributed_wage_weighted
21622,Landscape designer,2,Professionals,7818,two_digit_distributed_wage_weighted
21632,Product/Industrial designer,2,Professionals,7675,two_digit_distributed_wage_weighted
21649,Urban and related planner n.e.c.,2,Professionals,27,two_digit_distributed_varied
21659,Surveyor/Cartographer n.e.c.,2,Professionals,4,two_digit_distributed_varied
21669,Graphic/Multimedia designer/artist n.e.c.,2,Professionals,99,two_digit_distributed_varied
21670,Service designer,2,Professionals,8849,two_digit_distributed_wage_weighted
21714,Marine superintendent,2,Professionals,11920,two_digit_distributed_wage_weighted
21729,Aircraft pilot and related professional n.e.c.,2,Professionals,9171,two_digit_distributed_wage_weighted
22110,General practitioner/physician,2,Professionals,5844,two_digit_distributed_wage_weighted
22128,Psychiatrist,2,Professionals,6125,two_digit_distributed_wage_weighted
22129,Specialist medical practitioner (medical) n.e.c.,2,Professionals,5,two_digit_distributed_varied
22139,Specialist medical practitioner (surgical) n.e.c.,2,Professionals,51,two_digit_distributed_varied
22149,Specialist medical practitioner (other specialisation) n.e.c.,2,Professionals,6,two_digit_distributed_varied
22200,Registered nurse and related nursing professional (excluding enrolled nurse),2,Professionals,5190,two_digit_distributed_wage_weighted
22302,Traditional Chinese medicine acupuncturist,2,Professionals,5018,two_digit_distributed_wage_weighted
22500,Veterinarian,2,Professionals,5687,two_digit_distributed_wage_weighted
22612,Specialised dentist,2,Professionals,6,two_digit_distributed_varied
22629,Pharmacist n.e.c.,2,Professionals,5211,two_digit_distributed_wage_weighted
22639,Environmental and occupational health and hygiene professional n.e.c.,2,Professionals,3,two_digit_distributed_varied
22640,Physiotherapist,2,Professionals,5191,two_digit_distributed_wage_weighted
22652,Nutritionist,2,Professionals,4346,two_digit_distributed_wage_weighted
22662,Speech therapist,2,Professionals,5289,two_digit_distributed_wage_weighted
22670,Optometrist,2,Professionals,5080,two_digit_distributed_wage_weighted
22680,Occupational therapist,2,Professionals,5183,two_digit_distributed_wage_weighted
22699,Other health professional n.e.c.,2,Professionals,65,two_digit_distributed_varied
23109,University/Polytechnic/Higher education teacher n.e.c.,2,Professionals,134,two_digit_distributed_varied
23200,Junior college/Pre-university teacher,2,Professionals,42,two_digit_distributed_varied
23300,Technical/Vocational/Commercial education institute teacher/trainer,2,Professionals,28580,two_digit_distributed_wage_weighted
23400,Secondary school teacher,2,Professionals,174,two_digit_distributed_varied
23500,Primary school teacher,2,Professionals,433,two_digit_distributed_varied
23619,Education methods specialist n.e.c.,2,Professionals,454,two_digit_distributed_varied
23629,Special education teacher n.e.c.,2,Professionals,88,two_digit_distributed_varied
23690,Teaching professional n.e.c.,2,Professionals,32395,two_digit_distributed_wage_weighted
24113,Tax accountant,2,Professionals,16617,two_digit_distributed_wage_weighted
24122,Business valuer,2,Professionals,15765,two_digit_distributed_wage_weighted
24139,Financial analyst and related professional n.e.c.,2,Professionals,13,two_digit_distributed_varied
24149,Securities/Finance dealer n.e.c.,2,Professionals,17128,two_digit_distributed_wage_weighted
24159,Securities/Finance broker n.e.c.,2,Professionals,23255,two_digit_distributed_wage_weighted
24160,Insurance underwriter,2,Professionals,15939,two_digit_distributed_wage_weighted
24214,Sustainability project development/management professional,2,Professionals,16156,two_digit_distributed_wage_weighted
24222,Risk analyst (non-financial),2,Professionals,127,two_digit_distributed_varied
24234,Industrial relations officer,2,Professionals,15444,two_digit_distributed_wage_weighted
24240,Training/Staff development professional,2,Professionals,15146,two_digit_distributed_wage_weighted
24252,Intellectual property examiner,2,Professionals,13108,two_digit_distributed_wage_weighted
24299,Other administration professional n.e.c.,2,Professionals,16261,two_digit_distributed_wage_weighted
24315,Revenue specialist,2,Professionals,17993,two_digit_distributed_wage_weighted
24320,Public relations/Corporate communications professional,2,Professionals,15062,two_digit_distributed_wage_weighted
24339,Specialised goods sales professional n.e.c.,2,Professionals,61,two_digit_distributed_varied
24354,Environmental commodities trader,2,Professionals,56,two_digit_distributed_varied
24354,Environmental commodities trader,2,Professionals,92,two_digit_distributed_varied
24362,Ship broker,2,Professionals,23179,two_digit_distributed_wage_weighted
25114,ICT product manager,2,Professionals,19,two_digit_distributed_varied
25125,DevOps engineer,2,Professionals,13940,two_digit_distributed_wage_weighted
25141,Applications/Systems programmer,2,Professionals,12658,two_digit_distributed_wage_weighted
25143,Artificial intelligence/Machine learning engineer,2,Professionals,35,two_digit_distributed_varied
25152,ICT auditor,2,Professionals,16097,two_digit_distributed_wage_weighted
25190,Software and applications developer/analyst n.e.c.,2,Professionals,14143,two_digit_distributed_wage_weighted
25213,Data engineer,2,Professionals,10766,two_digit_distributed_wage_weighted
25220,Network/Server/Applications/Computer systems administrator,2,Professionals,17,two_digit_distributed_varied
25239,Computer network/infrastructure/platform professional n.e.c.,2,Professionals,20,two_digit_distributed_varied
25249,Cybersecurity professional n.e.c.,2,Professionals,22,two_digit_distributed_varied
25291,Data centre engineer,2,Professionals,9880,two_digit_distributed_wage_weighted
25299,Other database/network/infrastructure/cybersecurity professional n.e.c.,2,Professionals,4,two_digit_distributed_varied
26119,Lawyer n.e.c.,2,Professionals,6,two_digit_distributed_varied
26120,Judge,2,Professionals,16,two_digit_distributed_varied
26199,Other legal professional n.e.c.,2,Professionals,250,two_digit_distributed_varied
26213,Conservator,2,Professionals,7259,two_digit_distributed_wage_weighted
26229,Librarian and related information professional n.e.c.,2,Professionals,24,two_digit_distributed_varied
26310,Economist,2,Professionals,7444,two_digit_distributed_wage_weighted
26322,Social science researcher,2,Professionals,8452,two_digit_distributed_wage_weighted
26339,Historian/Political scientist and related social science professional n.e.c.,2,Professionals,67,two_digit_distributed_varied
26369,Religious professional n.e.c.,2,Professionals,7,two_digit_distributed_varied
26419,Author and related writer n.e.c.,2,Professionals,23,two_digit_distributed_varied
26422,Editor (news/periodicals),2,Professionals,8425,two_digit_distributed_wage_weighted
26432,Interpreter,2,Professionals,131,two_digit_distributed_varied
26519,Visual artist n.e.c.,2,Professionals,23,two_digit_distributed_varied
26529,Musician/Composer/Singer n.e.c.,2,Professionals,83,two_digit_distributed_varied
26530,Dancer/Choreographer,2,Professionals,10,two_digit_distributed_varied
26541,Producer (stage/film/television/commercial/video/radio),2,Professionals,25,two_digit_distributed_varied
26549,Film/Stage and related director/producer n.e.c.,2,Professionals,13,two_digit_distributed_varied
26550,Actor,2,Professionals,6325,two_digit_distributed_wage_weighted
26569,Radio/Television presenter and related professional n.e.c.,2,Professionals,34,two_digit_distributed_varied
26619,Psychologist n.e.c.,2,Professionals,73,two_digit_distributed_varied
26629,Social work professional n.e.c.,2,Professionals,5856,two_digit_distributed_wage_weighted
26639,Counselling professional n.e.c.,2,Professionals,30,two_digit_distributed_varied
26640,Job coach (disability),2,Professionals,25,two_digit_distributed_varied
31009,Assistant engineer n.e.c.,3,Technicians and Associate Professionals,6972,two_digit_distributed_wage_weighted
31119,Chemical/Physical science technician n.e.c.,3,Technicians and Associate Professionals,4,two_digit_distributed_varied
31129,Civil engineering technician n.e.c.,3,Technicians and Associate Professionals,7859,two_digit_distributed_wage_weighted
31132,Lift technician,3,Technicians and Associate Professionals,7083,two_digit_distributed_wage_weighted
31144,Instrumentation technician,3,Technicians and Associate Professionals,7739,two_digit_distributed_wage_weighted
31153,Machining/Tooling technician,3,Technicians and Associate Professionals,6619,two_digit_distributed_wage_weighted
31161,"Chemical engineering technician (excluding petroleum, natural gas and",3,Technicians and Associate Professionals,8659,two_digit_distributed_wage_weighted
31164,Food science technician,3,Technicians and Associate Professionals,6108,two_digit_distributed_wage_weighted
31175,Quality assurance technician,3,Technicians and Associate Professionals,7805,two_digit_distributed_wage_weighted
31189,Draughtsperson n.e.c.,3,Technicians and Associate Professionals,32,two_digit_distributed_varied
31214,Rolling stock engineering technician,3,Technicians and Associate Professionals,6569,two_digit_distributed_wage_weighted
31299,Other physical/engineering science technician n.e.c.,3,Technicians and Associate Professionals,56,two_digit_distributed_varied
31310,Power generating plant operator,3,Technicians and Associate Professionals,14,two_digit_distributed_varied
31329,Incinerator/Water treatment plant and related machine operator n.e.c.,3,Technicians and Associate Professionals,53,two_digit_distributed_varied
31332,Pharmaceutical products machine controller,3,Technicians and Associate Professionals,4,two_digit_distributed_varied
31342,Cylinder filler/tester (compressed/liquefied gases),3,Technicians and Associate Professionals,39,two_digit_distributed_varied
31350,Metal production process controller,3,Technicians and Associate Professionals,7457,two_digit_distributed_wage_weighted
31399,Other process control technician n.e.c.,3,Technicians and Associate Professionals,13,two_digit_distributed_varied
31419,Life science technician (excluding medical) n.e.c.,3,Technicians and Associate Professionals,68,two_digit_distributed_varied
31423,Farming technician (animal production),3,Technicians and Associate Professionals,7636,two_digit_distributed_wage_weighted
31510,Marine engineering officer,3,Technicians and Associate Professionals,8512,two_digit_distributed_wage_weighted
31529,Ship’s deck officer/pilot n.e.c.,3,Technicians and Associate Professionals,20,two_digit_distributed_varied
31540,Air traffic controller,3,Technicians and Associate Professionals,109,two_digit_distributed_varied
31560,Sea traffic controller,3,Technicians and Associate Professionals,62,two_digit_distributed_varied
31579,Transport operations supervisor n.e.c.,3,Technicians and Associate Professionals,25,two_digit_distributed_varied
31595,Load control officer (aircraft),3,Technicians and Associate Professionals,7497,two_digit_distributed_wage_weighted
31599,Other transport controller and related worker n.e.c.,3,Technicians and Associate Professionals,77,two_digit_distributed_varied
31603,Parks officer,3,Technicians and Associate Professionals,7789,two_digit_distributed_wage_weighted
31719,Building/Fire inspector n.e.c.,3,Technicians and Associate Professionals,4,two_digit_distributed_varied
31720,Safety inspector (vehicles/processes/products),3,Technicians and Associate Professionals,15,two_digit_distributed_varied
32119,Medical imaging/therapeutic equipment technician n.e.c.,3,Technicians and Associate Professionals,18,two_digit_distributed_varied
32120,Medical/Pathology laboratory technician,3,Technicians and Associate Professionals,2355,two_digit_distributed_wage_weighted
32130,Pharmacy technician,3,Technicians and Associate Professionals,2044,two_digit_distributed_wage_weighted
32143,Dental technician,3,Technicians and Associate Professionals,1919,two_digit_distributed_wage_weighted
32200,Enrolled/Assistant nurse (excluding registered nurse),3,Technicians and Associate Professionals,2001,two_digit_distributed_wage_weighted
32300,Traditional and complementary medicine associate professional,3,Technicians and Associate Professionals,2,two_digit_distributed_varied
32400,Veterinary technician/assistant,3,Technicians and Associate Professionals,2229,two_digit_distributed_wage_weighted
32510,Oral health therapist,3,Technicians and Associate Professionals,2,two_digit_distributed_varied
32530,Community health worker,3,Technicians and Associate Professionals,2045,two_digit_distributed_wage_weighted
32540,Optician,3,Technicians and Associate Professionals,2304,two_digit_distributed_wage_weighted
32559,Physiotherapy technician and related associate professional n.e.c.,3,Technicians and Associate Professionals,4,two_digit_distributed_varied
32572,Occupational health and safety inspector,3,Technicians and Associate Professionals,2769,two_digit_distributed_wage_weighted
32599,Other health associate professional n.e.c.,3,Technicians and Associate Professionals,8,two_digit_distributed_varied
33120,Credit/Loans officer,3,Technicians and Associate Professionals,1283,two_digit_distributed_varied
33132,Audit associate professional,3,Technicians and Associate Professionals,31104,two_digit_distributed_wage_weighted
33133,Tax associate professional,3,Technicians and Associate Professionals,27334,two_digit_distributed_wage_weighted
33153,Intangible asset valuer,3,Technicians and Associate Professionals,321,two_digit_distributed_varied
33160,Financial services back office administrator,3,Technicians and Associate Professionals,30283,two_digit_distributed_wage_weighted
33219,Insurance representative and related associate professional n.e.c.,3,Technicians and Associate Professionals,21,two_digit_distributed_varied
33229,Commercial/Marketing sales executive n.e.c.,3,Technicians and Associate Professionals,39,two_digit_distributed_varied
33232,Purchasing agent,3,Technicians and Associate Professionals,26696,two_digit_distributed_wage_weighted
33299,Other sales and related associate professional n.e.c.,3,Technicians and Associate Professionals,222,two_digit_distributed_varied
33313,Freight inspector,3,Technicians and Associate Professionals,184,two_digit_distributed_varied
33320,Exhibition/Conference/Event planner,3,Technicians and Associate Professionals,25894,two_digit_distributed_wage_weighted
33330,Employment agent/Labour contractor,3,Technicians and Associate Professionals,28301,two_digit_distributed_wage_weighted
33340,Real estate agent,3,Technicians and Associate Professionals,23235,two_digit_distributed_wage_weighted
33399,Other business services agent n.e.c.,3,Technicians and Associate Professionals,98,two_digit_distributed_varied
33462,Maintenance planner,3,Technicians and Associate Professionals,29115,two_digit_distributed_wage_weighted
33499,Other administrative and related associate professional n.e.c.,3,Technicians and Associate Professionals,102,two_digit_distributed_varied
33510,Customs/Immigration officer,3,Technicians and Associate Professionals,185,two_digit_distributed_varied
33552,Auxiliary police officer supervisor,3,Technicians and Associate Professionals,383,two_digit_distributed_varied
33592,Government social benefits official,3,Technicians and Associate Professionals,109,two_digit_distributed_varied
33599,Other government associate professional n.e.c.,3,Technicians and Associate Professionals,788,two_digit_distributed_varied
33609,Transport equipment project executive n.e.c.,3,Technicians and Associate Professionals,23206,two_digit_distributed_wage_weighted
34110,Legal associate professional,3,Technicians and Associate Professionals,6327,two_digit_distributed_wage_weighted
34123,Volunteer executive,3,Technicians and Associate Professionals,5224,two_digit_distributed_wage_weighted
34210,Athlete/Sportsperson,3,Technicians and Associate Professionals,4314,two_digit_distributed_wage_weighted
34229,Sports coach/instructor/official and related associate professional n.e.c.,3,Technicians and Associate Professionals,132,two_digit_distributed_varied
34310,Photographer,3,Technicians and Associate Professionals,5187,two_digit_distributed_wage_weighted
34321,Interior designer,3,Technicians and Associate Professionals,5499,two_digit_distributed_wage_weighted
34323,Visual merchandiser,3,Technicians and Associate Professionals,5784,two_digit_distributed_wage_weighted
34332,Gallery/Museum and related technician,3,Technicians and Associate Professionals,11,two_digit_distributed_varied
34343,Pastry chef,3,Technicians and Associate Professionals,72,two_digit_distributed_varied
34399,Other artistic/cultural associate professional n.e.c.,3,Technicians and Associate Professionals,14,two_digit_distributed_varied
34409,Creative/Performing arts associate professional n.e.c.,3,Technicians and Associate Professionals,5836,two_digit_distributed_wage_weighted
35110,Computer systems operator,3,Technicians and Associate Professionals,9840,two_digit_distributed_wage_weighted
35129,Computer technician n.e.c.,3,Technicians and Associate Professionals,24,two_digit_distributed_varied
35140,Website administrator/Webmaster,3,Technicians and Associate Professionals,8091,two_digit_distributed_wage_weighted
35219,Broadcasting technician/Audio-visual operator n.e.c.,3,Technicians and Associate Professionals,97,two_digit_distributed_varied
35220,Telecommunications engineering technician,3,Technicians and Associate Professionals,8067,two_digit_distributed_wage_weighted
35239,Telecommunications equipment operator n.e.c.,3,Technicians and Associate Professionals,79,two_digit_distributed_varied
35290,Telecommunications/Broadcasting technician/Audio-visual operator n.e.c.,3,Technicians and Associate Professionals,2,two_digit_distributed_varied
36100,Preschool education teacher,3,Technicians and Associate Professionals,13691,two_digit_distributed_wage_weighted
36209,Extracurriculum instructor n.e.c.,3,Technicians and Associate Professionals,15934,two_digit_distributed_wage_weighted
36910,Private tutor (academic),3,Technicians and Associate Professionals,17805,two_digit_distributed_wage_weighted
36999,Other teaching associate professional n.e.c.,3,Technicians and Associate Professionals,69,two_digit_distributed_varied
39910,Non-ordained religious associate professional,3,Technicians and Associate Professionals,1671,one_digit_distributed_sparse_wage_weighted
40000,Office supervisor,4,Clerical Support Workers,2620,one_digit_distributed_sparse_wage_weighted
41109,General office clerk n.e.c.,4,Clerical Support Workers,665,two_digit_distributed_varied
41202,Verbatim reporter,4,Clerical Support Workers,22,two_digit_distributed_varied
41310,Typist/Word processing operator,4,Clerical Support Workers,52154,two_digit_distributed_wage_weighted
41320,Data entry clerk,4,Clerical Support Workers,47059,two_digit_distributed_wage_weighted
42119,Bank teller and related counter clerk n.e.c.,4,Clerical Support Workers,216,two_digit_distributed_varied
42132,Moneylender,4,Clerical Support Workers,10849,two_digit_distributed_wage_weighted
42149,Bill collector and related worker n.e.c.,4,Clerical Support Workers,7478,two_digit_distributed_wage_weighted
42210,Travel consultant/reservation executive,4,Clerical Support Workers,11408,two_digit_distributed_wage_weighted
42230,Telephone operator,4,Clerical Support Workers,9563,two_digit_distributed_wage_weighted
42249,Receptionist/Customer service/information clerk n.e.c.,4,Clerical Support Workers,93,two_digit_distributed_varied
42290,Client information clerk n.e.c.,4,Clerical Support Workers,10493,two_digit_distributed_wage_weighted
43119,Accounting/Bookkeeping clerk n.e.c.,4,Clerical Support Workers,234,two_digit_distributed_varied
43129,Finance/Insurance clerk n.e.c.,4,Clerical Support Workers,15,two_digit_distributed_varied
43142,Enumerator/Market research interviewer,4,Clerical Support Workers,11855,two_digit_distributed_wage_weighted
43159,Computer operations clerk n.e.c.,4,Clerical Support Workers,14391,two_digit_distributed_wage_weighted
43219,Stock clerk n.e.c.,4,Clerical Support Workers,11487,two_digit_distributed_wage_weighted
43229,Production clerk n.e.c.,4,Clerical Support Workers,12791,two_digit_distributed_wage_weighted
43239,Transport clerk n.e.c.,4,Clerical Support Workers,127,two_digit_distributed_varied
44110,Library clerk,4,Clerical Support Workers,1504,two_digit_distributed_wage_weighted
44121,Postal service supervisor,4,Clerical Support Workers,1421,two_digit_distributed_wage_weighted
44129,Mail carrier/sorting worker n.e.c.,4,Clerical Support Workers,14,two_digit_distributed_varied
44170,Legal clerk,4,Clerical Support Workers,1856,two_digit_distributed_wage_weighted
44199,Other clerical support worker n.e.c.,4,Clerical Support Workers,5,two_digit_distributed_varied
51112,Cabin attendant/steward,5,Service and Sales Workers,16826,two_digit_distributed_wage_weighted
51129,Transport service inspector and related worker n.e.c.,5,Service and Sales Workers,15,two_digit_distributed_varied
51132,Attractions guide,5,Service and Sales Workers,13128,two_digit_distributed_wage_weighted
51202,Senior cook,5,Service and Sales Workers,111,two_digit_distributed_varied
51313,Sommelier,5,Service and Sales Workers,381,two_digit_distributed_varied
51322,Barista,5,Service and Sales Workers,13577,two_digit_distributed_wage_weighted
51330,Bar/Lounge hostess,5,Service and Sales Workers,62,two_digit_distributed_varied
51390,Waiter/Bartender n.e.c.,5,Service and Sales Workers,139,two_digit_distributed_varied
51419,Hairdresser/Barber and related worker n.e.c.,5,Service and Sales Workers,7,two_digit_distributed_varied
51423,Makeup artist (stage/film/studio),5,Service and Sales Workers,160,two_digit_distributed_varied
51499,Other wellness related worker n.e.c.,5,Service and Sales Workers,43,two_digit_distributed_varied
51509,Housekeeper and related worker n.e.c.,5,Service and Sales Workers,63,two_digit_distributed_varied
51702,Bookmaker/Croupier/Casino dealer and related gaming worker,5,Service and Sales Workers,14290,two_digit_distributed_wage_weighted
51910,Astrologer/Fortune-teller and related worker,5,Service and Sales Workers,22,two_digit_distributed_varied
51932,Embalmer,5,Service and Sales Workers,725,two_digit_distributed_varied
51949,Pet groomer/Animal keeper/trainer n.e.c.,5,Service and Sales Workers,34,two_digit_distributed_varied
51950,Driving instructor/tester,5,Service and Sales Workers,15256,two_digit_distributed_wage_weighted
51999,Other personal services worker n.e.c.,5,Service and Sales Workers,60,two_digit_distributed_varied
52110,Hawker/Stall holder (excluding prepared food and drinks),5,Service and Sales Workers,293,two_digit_distributed_varied
52120,Hawker/Stall holder (prepared food/drinks),5,Service and Sales Workers,139,two_digit_distributed_varied
52130,Newsvendor,5,Service and Sales Workers,93,two_digit_distributed_varied
52190,Stall sales worker n.e.c.,5,Service and Sales Workers,337,two_digit_distributed_varied
52202,Shop sales assistant,5,Service and Sales Workers,26505,two_digit_distributed_wage_weighted
52303,Office cashier,5,Service and Sales Workers,28,two_digit_distributed_varied
52309,Cashier/Ticket clerk n.e.c.,5,Service and Sales Workers,244,two_digit_distributed_varied
52410,Fashion and related model,5,Service and Sales Workers,2254,two_digit_distributed_varied
52422,Salesperson (door-to-door),5,Service and Sales Workers,45757,two_digit_distributed_wage_weighted
52440,Telemarketer,5,Service and Sales Workers,30694,two_digit_distributed_wage_weighted
52499,Other sales worker n.e.c.,5,Service and Sales Workers,256,two_digit_distributed_varied
53114,Child/Youth residential care assistant,5,Service and Sales Workers,51,one_digit_distributed_sparse
53120,Teacher aide,5,Service and Sales Workers,7169,one_digit_distributed_sparse_wage_weighted
53209,Healthcare assistant and related personal care worker n.e.c.,5,Service and Sales Workers,24,one_digit_distributed_sparse
54110,Fire-fighting/Rescue officer,5,Service and Sales Workers,27,two_digit_distributed_varied
54123,Auxiliary police officer,5,Service and Sales Workers,14175,two_digit_distributed_wage_weighted
54130,Prison officer,5,Service and Sales Workers,45,two_digit_distributed_varied
54144,Private security officer,5,Service and Sales Workers,12916,two_digit_distributed_wage_weighted
54150,Lifeguard,5,Service and Sales Workers,13229,two_digit_distributed_wage_weighted
54199,Other protective services and related worker n.e.c.,5,Service and Sales Workers,9,two_digit_distributed_varied
59000,Services worker n.e.c.,5,Service and Sales Workers,140,one_digit_distributed_sparse
61110,Vegetable farm worker,6,"Skilled Agricultural, Forestry, and Fishery Workers",8,two_digit_distributed_varied
61133,Gardener/Horticultural worker,6,"Skilled Agricultural, Forestry, and Fishery Workers",1113,two_digit_distributed_wage_weighted
61210,Livestock/Dairy farm worker,6,"Skilled Agricultural, Forestry, and Fishery Workers",73,two_digit_distributed_varied
61220,Poultry farm worker,6,"Skilled Agricultural, Forestry, and Fishery Workers",1504,two_digit_distributed_wage_weighted
61900,Agricultural worker n.e.c.,6,"Skilled Agricultural, Forestry, and Fishery Workers",2,two_digit_distributed_varied
62219,Aquaculture worker n.e.c.,6,"Skilled Agricultural, Forestry, and Fishery Workers",161,one_digit_distributed_sparse
62220,Coastal waters/Deep sea fishery worker,6,"Skilled Agricultural, Forestry, and Fishery Workers",70,one_digit_distributed_sparse
71000,Supervisor/General foreman (building and related trades),7,Craft and Related Trades Workers,4240,two_digit_distributed_wage_weighted
71120,Bricklayer/Blocklayer,7,Craft and Related Trades Workers,23,two_digit_distributed_varied
71130,Stonemason/Stone cutter/splitter/carver,7,Craft and Related Trades Workers,14,two_digit_distributed_varied
71149,Concrete placer/finisher and related worker n.e.c.,7,Craft and Related Trades Workers,1134,two_digit_distributed_varied
71152,Joiner,7,Craft and Related Trades Workers,3076,two_digit_distributed_wage_weighted
71199,Other building frame and related trades worker n.e.c.,7,Craft and Related Trades Workers,178,two_digit_distributed_varied
71210,Roofer,7,Craft and Related Trades Workers,55,two_digit_distributed_varied
71220,Floor/Wall tiler,7,Craft and Related Trades Workers,3076,two_digit_distributed_wage_weighted
71230,Plasterer,7,Craft and Related Trades Workers,100,two_digit_distributed_varied
71241,Refrigeration/Air-conditioning equipment insulator,7,Craft and Related Trades Workers,21,two_digit_distributed_varied
71249,Insulation worker n.e.c.,7,Craft and Related Trades Workers,5,two_digit_distributed_varied
71250,Glazier,7,Craft and Related Trades Workers,2895,two_digit_distributed_wage_weighted
71263,Pipe/Drain layer,7,Craft and Related Trades Workers,70,two_digit_distributed_varied
71272,Air-conditioning/Refrigeration plant installer,7,Craft and Related Trades Workers,3439,two_digit_distributed_wage_weighted
71290,Building finisher and related trades worker n.e.c.,7,Craft and Related Trades Workers,32,two_digit_distributed_varied
71312,Wall/Ceiling paperhanger,7,Craft and Related Trades Workers,7,two_digit_distributed_varied
71329,Spray painter/Varnisher and related painter n.e.c.,7,Craft and Related Trades Workers,11,two_digit_distributed_varied
71332,Building structure cleaner and related worker,7,Craft and Related Trades Workers,24,two_digit_distributed_varied
72000,Supervisor/General foreman (metal/machinery and related trades),7,Craft and Related Trades Workers,2748,two_digit_distributed_wage_weighted
72110,Metal moulder/coremaker,7,Craft and Related Trades Workers,2626,two_digit_distributed_wage_weighted
72120,Welder/Flame cutter,7,Craft and Related Trades Workers,2601,two_digit_distributed_wage_weighted
72130,Sheet metal worker,7,Craft and Related Trades Workers,2,two_digit_distributed_varied
72140,Structural metal preparer/erector,7,Craft and Related Trades Workers,24,two_digit_distributed_varied
72150,Rigger/Cable splicer,7,Craft and Related Trades Workers,10,two_digit_distributed_varied
72210,Blacksmith/Hammersmith/Forging-press worker,7,Craft and Related Trades Workers,12,two_digit_distributed_varied
72229,Toolmaker and related worker n.e.c.,7,Craft and Related Trades Workers,3,two_digit_distributed_varied
72240,Metal polisher/Wheel grinder/Tool sharpener,7,Craft and Related Trades Workers,27,two_digit_distributed_varied
72310,Automotive mechanic,7,Craft and Related Trades Workers,2657,two_digit_distributed_wage_weighted
72320,Aircraft engine mechanic/repairer,7,Craft and Related Trades Workers,4,two_digit_distributed_varied
72330,Rolling stock mechanic,7,Craft and Related Trades Workers,8,two_digit_distributed_varied
72340,Bicycle and related repairer,7,Craft and Related Trades Workers,19,two_digit_distributed_varied
72350,Marine engine mechanic/repairer,7,Craft and Related Trades Workers,7,two_digit_distributed_varied
72390,Machinery mechanic/fitter/repairer n.e.c.,7,Craft and Related Trades Workers,2752,two_digit_distributed_wage_weighted
73000,Supervisor/General foreman (precision/handicraft/printing and related trades),7,Craft and Related Trades Workers,6,two_digit_distributed_varied
73119,Precision instrument maker/repairer n.e.c.,7,Craft and Related Trades Workers,2,two_digit_distributed_varied
73120,Musical instrument maker/repairer/tuner,7,Craft and Related Trades Workers,6,two_digit_distributed_varied
73130,Jewellery/Precious metal worker,7,Craft and Related Trades Workers,7,two_digit_distributed_varied
73140,Potter and related worker,7,Craft and Related Trades Workers,9,two_digit_distributed_varied
73150,Glass maker/cutter/grinder/finisher,7,Craft and Related Trades Workers,4,two_digit_distributed_varied
73160,Sign writer/Decorative painter/Engraver/Etcher,7,Craft and Related Trades Workers,2,two_digit_distributed_varied
73210,Pre-press trades worker,7,Craft and Related Trades Workers,1340,two_digit_distributed_wage_weighted
73220,Printer,7,Craft and Related Trades Workers,1124,two_digit_distributed_wage_weighted
74002,"Supervisor/General foreman (electrical/electronic trades, excluding lift)",7,Craft and Related Trades Workers,3790,two_digit_distributed_wage_weighted
74110,Electrician,7,Craft and Related Trades Workers,3509,two_digit_distributed_wage_weighted
74123,Electrical household appliance repairer,7,Craft and Related Trades Workers,3141,two_digit_distributed_wage_weighted
74133,Underground electrical line installer/repairer,7,Craft and Related Trades Workers,4,two_digit_distributed_varied
74210,Electronics fitter (excluding broadcasting and communication equipment),7,Craft and Related Trades Workers,8,two_digit_distributed_varied
74221,Consumer audio/video equipment/radar broadcasting/transmitting equipment,7,Craft and Related Trades Workers,44,two_digit_distributed_varied
74224,Telecommunications installer/servicer,7,Craft and Related Trades Workers,405,two_digit_distributed_varied
75000,Supervisor/General foreman (food processing/woodworking/garment/leather,7,Craft and Related Trades Workers,1512,two_digit_distributed_wage_weighted
75110,Butcher/Fishmonger and related food preparer,7,Craft and Related Trades Workers,1374,two_digit_distributed_wage_weighted
75122,Pastry/Confectionery maker,7,Craft and Related Trades Workers,1090,two_digit_distributed_wage_weighted
75150,Food and beverage taster/grader,7,Craft and Related Trades Workers,4,two_digit_distributed_varied
75190,Food processing and related trades worker n.e.c.,7,Craft and Related Trades Workers,32,two_digit_distributed_varied
75210,Wood treater,7,Craft and Related Trades Workers,1001,two_digit_distributed_wage_weighted
75220,Cabinet maker/Wood related trades worker,7,Craft and Related Trades Workers,28,two_digit_distributed_varied
75290,Furniture maker and related trades worker n.e.c.,7,Craft and Related Trades Workers,1,two_digit_distributed_varied
75310,Tailor/Dressmaker,7,Craft and Related Trades Workers,1157,two_digit_distributed_wage_weighted
75320,Garment and related pattern-maker/cutter,7,Craft and Related Trades Workers,9,two_digit_distributed_varied
75340,Upholsterer and related worker,7,Craft and Related Trades Workers,46,two_digit_distributed_varied
75369,Shoemaker and related worker n.e.c.,7,Craft and Related Trades Workers,1,two_digit_distributed_varied
75390,Garment/Leather and related trades worker n.e.c.,7,Craft and Related Trades Workers,14,two_digit_distributed_varied
75410,Underwater diver,7,Craft and Related Trades Workers,2001,two_digit_distributed_wage_weighted
75440,Fumigator and related pest/weed controller,7,Craft and Related Trades Workers,1226,two_digit_distributed_wage_weighted
75490,Craft and related worker n.e.c.,7,Craft and Related Trades Workers,2,two_digit_distributed_varied
81000,Stationary plant/machine supervisor/general foreman,8,Plant and Machine Operators and Assemblers,1546,two_digit_distributed_wage_weighted
81130,Well driller/borer and related mining worker,8,Plant and Machine Operators and Assemblers,34,two_digit_distributed_varied
81140,Cement and related mineral products machine operator,8,Plant and Machine Operators and Assemblers,11,two_digit_distributed_varied
81210,Metal melter/caster/rolling mill operator,8,Plant and Machine Operators and Assemblers,1222,two_digit_distributed_wage_weighted
81220,Metal heat treating plant operator,8,Plant and Machine Operators and Assemblers,1309,two_digit_distributed_wage_weighted
81230,Metal drawer/extruder,8,Plant and Machine Operators and Assemblers,20,two_digit_distributed_varied
81240,Metal finishing/plating/coating machine operator,8,Plant and Machine Operators and Assemblers,43,two_digit_distributed_varied
81259,Machine-tool setter-operator n.e.c.,8,Plant and Machine Operators and Assemblers,1207,two_digit_distributed_wage_weighted
81312,Pharmaceutical products machine operator,8,Plant and Machine Operators and Assemblers,1028,two_digit_distributed_wage_weighted
81320,Photographic products machine operator,8,Plant and Machine Operators and Assemblers,17,two_digit_distributed_varied
81390,Chemical processing/chemical/photographic products plant/machine operator,8,Plant and Machine Operators and Assemblers,6,two_digit_distributed_varied
81410,Rubber products machine operator,8,Plant and Machine Operators and Assemblers,1019,two_digit_distributed_wage_weighted
81420,Plastic products machine operator,8,Plant and Machine Operators and Assemblers,7,two_digit_distributed_varied
81430,Paper/Paperboard products machine operator,8,Plant and Machine Operators and Assemblers,36,two_digit_distributed_varied
81509,Textile/Fur/Leather products machine operator n.e.c.,8,Plant and Machine Operators and Assemblers,15,two_digit_distributed_varied
81609,Food and related products machine operator n.e.c.,8,Plant and Machine Operators and Assemblers,1,two_digit_distributed_varied
81700,Wood processing/Papermaking plant operator,8,Plant and Machine Operators and Assemblers,8,two_digit_distributed_varied
81810,Glass/Ceramics plant operator,8,Plant and Machine Operators and Assemblers,4,two_digit_distributed_varied
81821,Boiler fireman,8,Plant and Machine Operators and Assemblers,0,two_digit_distributed_varied
81829,Steam engine/boiler operator n.e.c.,8,Plant and Machine Operators and Assemblers,20,two_digit_distributed_varied
81830,Packing/Bottling/Labelling machine operator,8,Plant and Machine Operators and Assemblers,924,two_digit_distributed_wage_weighted
81849,Printing/Binding and related machine operator n.e.c.,8,Plant and Machine Operators and Assemblers,1217,two_digit_distributed_wage_weighted
81890,Stationary plant/machine operator n.e.c.,8,Plant and Machine Operators and Assemblers,6,two_digit_distributed_varied
82000,Supervisor/General foreman of assemblers/quality checkers,8,Plant and Machine Operators and Assemblers,3701,two_digit_distributed_wage_weighted
82110,Mechanical equipment/component assembler,8,Plant and Machine Operators and Assemblers,2539,two_digit_distributed_wage_weighted
82123,Battery assembler,8,Plant and Machine Operators and Assemblers,14,two_digit_distributed_varied
82139,Quality checker/tester n.e.c.,8,Plant and Machine Operators and Assemblers,44,two_digit_distributed_varied
82190,Assembler n.e.c.,8,Plant and Machine Operators and Assemblers,1,two_digit_distributed_varied
83000,Mobile machinery supervisor/general foreman,8,Plant and Machine Operators and Assemblers,19118,two_digit_distributed_wage_weighted
83110,Train operator,8,Plant and Machine Operators and Assemblers,14419,two_digit_distributed_wage_weighted
83120,Railway braker and related worker,8,Plant and Machine Operators and Assemblers,36686,two_digit_distributed_wage_weighted
83212,Delivery worker using motorised personal mobility aids/devices,8,Plant and Machine Operators and Assemblers,13991,two_digit_distributed_wage_weighted
83229,Car/Taxi/Van/Light goods vehicle driver n.e.c.,8,Plant and Machine Operators and Assemblers,6,two_digit_distributed_varied
83312,Tram driver,8,Plant and Machine Operators and Assemblers,13637,two_digit_distributed_wage_weighted
83329,Heavy truck/Lorry driver n.e.c.,8,Plant and Machine Operators and Assemblers,160,two_digit_distributed_varied
83429,Earth moving and related machinery operator n.e.c.,8,Plant and Machine Operators and Assemblers,82,two_digit_distributed_varied
83439,Crane/Hoist and related equipment operator n.e.c.,8,Plant and Machine Operators and Assemblers,274,two_digit_distributed_varied
83449,Lifting truck operator n.e.c.,8,Plant and Machine Operators and Assemblers,13914,two_digit_distributed_wage_weighted
83499,Other mobile machinery operator n.e.c.,8,Plant and Machine Operators and Assemblers,82,two_digit_distributed_varied
83509,Ship’s deck crew and related worker n.e.c.,8,Plant and Machine Operators and Assemblers,31,two_digit_distributed_varied
91000,Cleaning supervisor,9,Elementary Occupations,12323,two_digit_distributed_wage_weighted
91129,Cleaner/Helper in hotel and related establishment n.e.c.,9,Elementary Occupations,127,two_digit_distributed_varied
91133,Office/Commercial/Industrial establishment multi-skilled cleaner cum machine,9,Elementary Occupations,10374,two_digit_distributed_wage_weighted
91154,Food and beverage establishment multi-skilled cleaner cum machine operator,9,Elementary Occupations,10528,two_digit_distributed_wage_weighted
91162,Residential/Open areas multi-skilled cleaner cum machine operator,9,Elementary Occupations,9948,two_digit_distributed_wage_weighted
91210,Hand launderer/presser (non-household),9,Elementary Occupations,9632,two_digit_distributed_wage_weighted
91220,Motor vehicle cleaner/polisher,9,Elementary Occupations,9948,two_digit_distributed_wage_weighted
91230,Window cleaner,9,Elementary Occupations,10440,two_digit_distributed_wage_weighted
91299,Other cleaning worker n.e.c.,9,Elementary Occupations,99,two_digit_distributed_varied
91300,Domestic helper/cleaner,9,Elementary Occupations,80,two_digit_distributed_varied
92149,Park/Garden/Landscape maintenance worker n.e.c.,9,Elementary Occupations,72,one_digit_distributed_sparse
92190,Agricultural/Fishery and related labourer n.e.c.,9,Elementary Occupations,13,one_digit_distributed_sparse
93100,Civil engineering/Building construction labourer,9,Elementary Occupations,28869,two_digit_distributed_wage_weighted
93209,Manufacturing labourer and related worker n.e.c.,9,Elementary Occupations,444,two_digit_distributed_varied
93310,Hand/Pedal vehicle driver,9,Elementary Occupations,369,two_digit_distributed_varied
93332,Railway/Road vehicle loader,9,Elementary Occupations,116,two_digit_distributed_varied
93339,Material/Freight handling worker n.e.c.,9,Elementary Occupations,102,two_digit_distributed_varied
94104,"Tea server/steward (excluding bartender, barista and food/drink stall assistant)",9,Elementary Occupations,5651,one_digit_distributed_sparse_wage_weighted
96000,Waste collection/recycling/material recovery supervisor,9,Elementary Occupations,45,two_digit_distributed_varied
96109,Waste collection/recycling/material recovery worker n.e.c.,9,Elementary Occupations,14,two_digit_distributed_varied
96213,Porter (excluding hotel),9,Elementary Occupations,4431,two_digit_distributed_wage_weighted
96252,Laboratory attendant,9,Elementary Occupations,5983,two_digit_distributed_wage_weighted
96259,Attendant n.e.c.,9,Elementary Occupations,29,two_digit_distributed_varied
96269,Building caretaker and related worker n.e.c.,9,Elementary Occupations,5983,two_digit_distributed_wage_weighted
96272,Concierge (hotel),9,Elementary Occupations,5958,two_digit_distributed_wage_weighted
96299,Other elementary worker n.e.c.,9,Elementary Occupations,257,two_digit_distributed_varied
