ssoc_code,title,major_group,major_group_label,sub_major,description,slug
11110,Legislator,1,Managers,11,1112 Senior Government and Statutory Board Officials,legislator
11122,Senior statutory board official,1,Managers,11,1114 Senior Officials of Political Party Organisations,senior-statutory-board-official
11140,Senior official of political party organisation,1,Managers,11,"1115 Senior Officials of Employers’, Workers’ and Related Economic-Interest Organisations",senior-official-of-political-party-organisation
11150,Senior official of employers’/workers’ and related economic-interest organisation,1,Managers,11,1116 Senior Officials of Humanitarian and Other Special-Interest Organisations,senior-official-of-employers-workers-and-related-economic-interest-organisation
11160,Senior official of humanitarian and other special-interest organisation,1,Managers,11,"112 MANAGING DIRECTORS, CHIEF EXECUTIVES AND GENERAL MANAGERS 1120 Managing Directors, Chief Executives and General Managers",senior-official-of-humanitarian-and-other-special-interest-organisation
11203,Chief operating officer/General manager,1,Managers,11,12 ADMINISTRATIVE AND COMMERCIAL MANAGERS 121 BUSINESS SERVICES AND ADMINISTRATION MANAGERS 1211 Finance and Administration Managers,chief-operating-officer-general-manager
12113,Audit manager,1,Managers,12,1212 Human Resource Managers,audit-manager
12123,Training manager,1,Managers,12,"18  Singapore Department of Statistics Singapore Standard Occupational Classification 2024 Major Group 1: Legislators, Senior Officials and Managers 1213 Policy and Planning Managers",training-manager
12133,Risk management manager,1,Managers,12,1219 Business Services and Administration Managers Not Elsewhere Classified,risk-management-manager
12199,Other business services/administration manager n.e.c.,1,Managers,12,"122 SALES, MARKETING, DEVELOPMENT AND CUSTOMER SERVICE MANAGERS 1221 Sales and Business Development Managers",other-business-services-administration-manager-n-e-c
12215,Online sales channel manager,1,Managers,12,"1222 Marketing, Advertising and Public Relations Managers",online-sales-channel-manager
12222,Marketing manager,1,Managers,12,1223 Research and Development Managers,marketing-manager
12230,Research and development manager,1,Managers,12,1224 Customer Service and Call Centre Managers,research-and-development-manager
12242,Call centre manager,1,Managers,12,13 PRODUCTION AND SPECIALISED SERVICES MANAGERS 131 PRODUCTION MANAGERS IN AGRICULTURE AND FISHERIES 1310 Production Managers in Agriculture and Fisheries,call-centre-manager
13100,Production manager in agriculture/fisheries,1,Managers,13,"Singapore Department of Statistics Singapore Standard Occupational Classification 2024  19 Major Group 1: Legislators, Senior Officials and Managers 132 MANUFACTURING, CONSTRUCTION, TRANSPORT, DISTRIBUTION AND RELATED PRODUCTION AND OPERATIONS MANAGERS 1321 Manufacturing Managers",production-manager-in-agriculture-fisheries
13210,Manufacturing manager,1,Managers,13,1323 Construction Managers,manufacturing-manager
13230,Construction manager,1,Managers,13,"1324 Transport, Supply, Distribution and Related Managers",construction-manager
13245,Port/Shipping operations manager,1,Managers,13,1329 Production and Operations Managers Not Elsewhere Classified,port-shipping-operations-manager
13299,Other production/operations manager n.e.c.,1,Managers,13,133 INFORMATION AND COMMUNICATIONS TECHNOLOGY SERVICE MANAGERS 1330 Information and Communications Technology Service Managers,other-production-operations-manager-n-e-c
13301,Chief information officer/Chief technology officer/Chief information security,1,Managers,13,officer,chief-information-officer-chief-technology-officer-chief-information-security
13302,Application development manager Alternative Title,1,Managers,13,"Improvements to Detailed Definitions 4.13 Detailed definitions for some 50 codes have been enhanced to provide greater clarity in the descriptions of the main tasks/duties of the occupations in order to facilitate easier coding and appropriate use of the classification. Stylistic Edits to Classification Structure and Detailed Definitions 4.14 To improve stylistic coherence across the titles in classification structure and detailed definitions, stylistic edits have been implemented. 4.15 Where multiple occupations are mentioned in the five-digit occupational title, a “/” would be used for consistency and better distinction of the different occupations. Instances of “including” and “e.g.” in the main occupational titles will be removed, with these additional titles shifted to the illustrative examples in the detailed definitions for the occupation and/or added to the alphabetical index. Titles for residual codes from the sub-major group (two-digit) to occupation (five-digit) have also been aligned in the usage of terms “Other”, “Not elsewhere classified” or “n.e.c.”. The detailed definitions for the residual codes at the unit group (four-digit) and occupation (five-digit) have also been standardised. Singapore Department of Statistics Singapore Standard Occupational Classification 2024  15 5 Linking SSOC with SFw2 5.1 To facilitate analysis and comparison between SFw related information and index. New SSOC codes have been created if necessary, and changes to the scope and titles of existing SSOC codes have been made to improve the linkage between SSOC and SFw. The alphabetical index is updated half-yearly to take into account the refresh of the SFw. 5.2 Nonetheless, it should be noted that SSOC and SFw are not directly comparable due to differences in coverage, construct and purpose. SSOC is a statistical classification that is adapted from ISCO to ensure international comparability and covers all occupations whereas SFw provides information on sectors, new and changing job roles, as well as in- demand and emerging skills required for the job roles. 6 How to Determine the Appropriate Occupational Code for an Occupation 6.1 There are two ways to find an appropriate SSOC code in SSOC 2024: (a) Refer to the alphabetical index or use the SingStat SSOC Search to look for the job title by which the occupation is known, and select the most appropriate SSOC code by referring to the detailed definition. Consideration should be given to possible synonyms and abbreviations of the words in the job title; or (b) Refer to the classification structure to classify the job broadly, either at the sub-major, minor group or unit group level before narrowing down to the most appropriate five-digit code at the occupational level. The choice of SSOC code should be confirmed by referring to the detailed definition. 2 The Skills Framework (SFw) is an integral component of the Singapore’s Industry Transformation Maps. It aims to create a common skills language for individuals, employers training providers and tripartite partners which facilitates skills recognition and support the design of training programmes for skills and career development, enhance business competitiveness and support employment and employability. As at end-December 2023, there were 35 sectoral SFws and over 1,790 job roles covering more than two- thirds of the workforce. 16  Singapore Department of Statistics Singapore Standard Occupational Classification 2024 Part II: Classification Structure of SSOC Singapore Department of Statistics Singapore Standard Occupational Classification 2024  17 Major Group 1: Legislators, Senior Officials and Managers Major Group 1: Legislators, Senior Officials and Managers 1 LEGISLATORS, SENIOR OFFICIALS AND MANAGERS 11 LEGISLATORS, SENIOR OFFICIALS AND CHIEF EXECUTIVES 111 LEGISLATORS AND SENIOR OFFICIALS 1111 Legislators",application-development-manager-alternative-title
13306,ICT product design manager,1,Managers,13,"134 PROFESSIONAL, FINANCIAL, COMMUNITY AND SOCIAL SERVICES MANAGERS 1341 Preschool Education and Early Intervention Centre Managers",ict-product-design-manager
13410,Preschool education/Early intervention centre manager,1,Managers,13,1342 Health Services Managers,preschool-education-early-intervention-centre-manager
13420,Health services manager,1,Managers,13,1343 Aged Care Services Managers,health-services-manager
13430,Aged care services manager,1,Managers,13,"20  Singapore Department of Statistics Singapore Standard Occupational Classification 2024 Major Group 1: Legislators, Senior Officials and Managers 1344 Community and Social Services Managers",aged-care-services-manager
13442,Volunteer manager,1,Managers,13,1345 Education and Training Institution Managers,volunteer-manager
13459,Education/Training institution manager n.e.c.,1,Managers,13,1346 Financial and Insurance Services Managers,education-training-institution-manager-n-e-c
13463,Financial risk manager,1,Managers,13,"1349 Professional, Financial, Community and Social Services Managers Not Elsewhere Classified",financial-risk-manager
13499,Other professional/financial/community/social services manager n.e.c.,1,Managers,13,"14 HOSPITALITY, RETAIL AND RELATED SERVICES MANAGERS 141 HOTEL AND FOOD AND BEVERAGES SERVICES MANAGERS 1411 Hotel Operations and Lodging Services Managers",other-professional-financial-community-social-services-manager-n-e-c
14110,Hotel operations/Lodging services manager,1,Managers,14,1412 Food and Beverages Services Managers,hotel-operations-lodging-services-manager
14123,Food and beverage operations manager,1,Managers,14,142 RETAIL AND WHOLESALE TRADE MANAGERS 1420 Retail and Wholesale Trade Managers,food-and-beverage-operations-manager
14202,Wholesale trade manager,1,Managers,14,143 OTHER SERVICES MANAGERS 1431 Sports Centre Managers,wholesale-trade-manager
14310,Sports centre manager,1,Managers,14,"Singapore Department of Statistics Singapore Standard Occupational Classification 2024  21 Major Group 1: Legislators, Senior Officials and Managers 1432 Recreation Centre Managers",sports-centre-manager
14329,Recreation centre manager n.e.c.,1,Managers,14,1433 Arts and Cultural Centre Managers,recreation-centre-manager-n-e-c
14330,Arts/Cultural centre manager,1,Managers,14,1439 Services Managers Not Elsewhere Classified,arts-cultural-centre-manager
14399,Other services manager n.e.c.,1,Managers,14,22  Singapore Department of Statistics Singapore Standard Occupational Classification 2024 Major Group 2: Professionals Major Group 2: Professionals 2 PROFESSIONALS 21 SCIENCE AND ENGINEERING PROFESSIONALS 211 PHYSICAL AND EARTH SCIENCE PROFESSIONALS 2111 Physicists and Astronomers,other-services-manager-n-e-c
21110,Physicist/Astronomer,2,Professionals,21,2112 Meteorologists,physicist-astronomer
21120,Meteorologist,2,Professionals,21,2113 Chemists,meteorologist
21130,Chemist,2,Professionals,21,"2114 Geologists, Geophysicists and Related Physical Science Professionals",chemist
21149,Geologist/Geophysicist and related physical science professional n.e.c.,2,Professionals,21,"212 MATHEMATICIANS, ACTUARIES, STATISTICIANS AND RELATED PROFESSIONALS 2121 Mathematicians, Operations Research Analysts and Actuaries",geologist-geophysicist-and-related-physical-science-professional-n-e-c
21213,Actuary,2,Professionals,21,2122 Statisticians and Data Scientists,actuary
21222,Data scientist,2,Professionals,21,"2123 Other Statistical, Mathematical and Actuarial Professionals",data-scientist
21239,Other statistical/mathematical/actuarial professional n.e.c.,2,Professionals,21,"213 LIFE SCIENCE PROFESSIONALS 2131 Biologists, Botanists, Zoologists and Related Professionals",other-statistical-mathematical-actuarial-professional-n-e-c
21319,Biologist/Botanist/Zoologist and related professional n.e.c.,2,Professionals,21,"2132 Farming, Forestry and Fishery Advisers Singapore Department of Statistics Singapore Standard Occupational Classification 2024  23 Major Group 2: Professionals",biologist-botanist-zoologist-and-related-professional-n-e-c
21329,Farming/Forestry/Fishery adviser n.e.c.,2,Professionals,21,2133 Environmental Protection and Related Professionals,farming-forestry-fishery-adviser-n-e-c
21339,Environmental protection and related professional n.e.c.,2,Professionals,21,2134 Pharmacologists and Related Professionals,environmental-protection-and-related-professional-n-e-c
21349,Pharmacologist and related professional n.e.c.,2,Professionals,21,214 ENGINEERING PROFESSIONALS I 2141 Industrial and Production Engineers,pharmacologist-and-related-professional-n-e-c
21415,Process engineer,2,Professionals,21,2142 Civil Engineers,process-engineer
21422,Building construction engineer,2,Professionals,21,2143 Environmental Engineers,building-construction-engineer
21430,Environmental engineer,2,Professionals,21,24  Singapore Department of Statistics Singapore Standard Occupational Classification 2024 Major Group 2: Professionals 2144 Mechanical Engineers (Excluding Transport and Vehicle Engineers),environmental-engineer
21444,Port equipment engineer,2,Professionals,21,2145 Chemical Engineers,port-equipment-engineer
21454,Food/Drink technologist,2,Professionals,21,"2146 Mining Engineers, Metallurgists and Related Professionals",food-drink-technologist
21460,Mining engineer/Metallurgist and related professional,2,Professionals,21,2147 Transport and Vehicle Engineers,mining-engineer-metallurgist-and-related-professional
21475,Rolling stock engineer,2,Professionals,21,2149 Engineering Professionals Not Elsewhere Classified,rolling-stock-engineer
21499,Other engineering professional n.e.c.,2,Professionals,21,215 ENGINEERING PROFESSIONALS II (Cont’d) 2151 Electrical Engineers Singapore Department of Statistics Singapore Standard Occupational Classification 2024  25 Major Group 2: Professionals,other-engineering-professional-n-e-c
21513,Lift engineer,2,Professionals,21,2152 Electronics Engineers,lift-engineer
21526,Embedded systems engineer,2,Professionals,21,2153 Telecommunications Engineers,embedded-systems-engineer
21532,Telecommunications engineer,2,Professionals,21,"216 ARCHITECTS, PLANNERS, SURVEYORS AND DESIGNERS 2161 Building Architects",telecommunications-engineer
21610,Building architect,2,Professionals,21,2162 Landscape Architects and Designers,building-architect
21622,Landscape designer,2,Professionals,21,2163 Fashion and Product Designers,landscape-designer
21632,Product/Industrial designer,2,Professionals,21,2164 Urban and Related Planners,product-industrial-designer
21649,Urban and related planner n.e.c.,2,Professionals,21,2165 Surveyors and Cartographers,urban-and-related-planner-n-e-c
21659,Surveyor/Cartographer n.e.c.,2,Professionals,21,2166 Graphic and Multimedia Designers and Artists 26  Singapore Department of Statistics Singapore Standard Occupational Classification 2024 Major Group 2: Professionals,surveyor-cartographer-n-e-c
21669,Graphic/Multimedia designer/artist n.e.c.,2,Professionals,21,2167 Service Designers,graphic-multimedia-designer-artist-n-e-c
21670,Service designer,2,Professionals,21,217 SHIP AND AIRCRAFT RELATED PROFESSIONALS 2171 Ship Engineers and Related Professionals,service-designer
21714,Marine superintendent,2,Professionals,21,2172 Aircraft Pilots and Related Professionals,marine-superintendent
21729,Aircraft pilot and related professional n.e.c.,2,Professionals,21,22 HEALTH PROFESSIONALS 221 MEDICAL DOCTORS 2211 Generalist Medical Practitioners,aircraft-pilot-and-related-professional-n-e-c
22110,General practitioner/physician,2,Professionals,22,2212 Specialist Medical Practitioners (Medical),general-practitioner-physician
22128,Psychiatrist,2,Professionals,22,Singapore Department of Statistics Singapore Standard Occupational Classification 2024  27 Major Group 2: Professionals,psychiatrist
22129,Specialist medical practitioner (medical) n.e.c.,2,Professionals,22,2213 Specialist Medical Practitioners (Surgical),specialist-medical-practitioner-medical-n-e-c
22139,Specialist medical practitioner (surgical) n.e.c.,2,Professionals,22,2214 Specialist Medical Practitioners (Other Specialisations),specialist-medical-practitioner-surgical-n-e-c
22149,Specialist medical practitioner (other specialisation) n.e.c.,2,Professionals,22,222 NURSING PROFESSIONALS 2220 Nursing Professionals,specialist-medical-practitioner-other-specialisation-n-e-c
22200,Registered nurse and related nursing professional (excluding enrolled nurse),2,Professionals,22,223 TRADITIONAL AND COMPLEMENTARY MEDICINE PROFESSIONALS 2230 Traditional and Complementary Medicine Professionals,registered-nurse-and-related-nursing-professional-excluding-enrolled-nurse
22302,Traditional Chinese medicine acupuncturist,2,Professionals,22,225 VETERINARIANS 2250 Veterinarians 28  Singapore Department of Statistics Singapore Standard Occupational Classification 2024 Major Group 2: Professionals,traditional-chinese-medicine-acupuncturist
22500,Veterinarian,2,Professionals,22,226 OTHER HEALTH PROFESSIONALS 2261 Dentists,veterinarian
22612,Specialised dentist,2,Professionals,22,2262 Pharmacists,specialised-dentist
22629,Pharmacist n.e.c.,2,Professionals,22,2263 Environmental and Occupational Health and Hygiene Professionals,pharmacist-n-e-c
22639,Environmental and occupational health and hygiene professional n.e.c.,2,Professionals,22,2264 Physiotherapists,environmental-and-occupational-health-and-hygiene-professional-n-e-c
22640,Physiotherapist,2,Professionals,22,2265 Dietitians and Nutritionists,physiotherapist
22652,Nutritionist,2,Professionals,22,2266 Audiologists and Speech Therapists,nutritionist
22662,Speech therapist,2,Professionals,22,2267 Optometrists,speech-therapist
22670,Optometrist,2,Professionals,22,2268 Occupational Therapists,optometrist
22680,Occupational therapist,2,Professionals,22,2269 Health Professionals Not Elsewhere Classified,occupational-therapist
22699,Other health professional n.e.c.,2,Professionals,22,"Singapore Department of Statistics Singapore Standard Occupational Classification 2024  29 Major Group 2: Professionals 23 TEACHING AND TRAINING PROFESSIONALS 231 UNIVERSITY, POLYTECHNIC AND HIGHER EDUCATION TEACHERS 2310 University, Polytechnic and Higher Education Teachers",other-health-professional-n-e-c
23109,University/Polytechnic/Higher education teacher n.e.c.,2,Professionals,23,232 JUNIOR COLLEGE AND PRE-UNIVERSITY EDUCATION TEACHERS 2320 Junior College and Pre-University Education Teachers,university-polytechnic-higher-education-teacher-n-e-c
23200,Junior college/Pre-university teacher,2,Professionals,23,233 VOCATIONAL EDUCATION TEACHERS AND TRAINERS 2330 Vocational Education Teachers and Trainers,junior-college-pre-university-teacher
23300,Technical/Vocational/Commercial education institute teacher/trainer,2,Professionals,23,234 SECONDARY EDUCATION TEACHERS 2340 Secondary Education Teachers,technical-vocational-commercial-education-institute-teacher-trainer
23400,Secondary school teacher,2,Professionals,23,235 PRIMARY EDUCATION TEACHERS 2350 Primary School Teachers,secondary-school-teacher
23500,Primary school teacher,2,Professionals,23,236 OTHER TEACHING PROFESSIONALS 2361 Education Methods Specialists,primary-school-teacher
23619,Education methods specialist n.e.c.,2,Professionals,23,2362 Special Education Teachers,education-methods-specialist-n-e-c
23629,Special education teacher n.e.c.,2,Professionals,23,2369 Teaching Professionals Not Elsewhere Classified,special-education-teacher-n-e-c
23690,Teaching professional n.e.c.,2,Professionals,23,30  Singapore Department of Statistics Singapore Standard Occupational Classification 2024 Major Group 2: Professionals 24 BUSINESS AND ADMINISTRATION PROFESSIONALS 241 FINANCE PROFESSIONALS 2411 Accountants,teaching-professional-n-e-c
24113,Tax accountant,2,Professionals,24,2412 Financial and Investment Advisers,tax-accountant
24122,Business valuer,2,Professionals,24,2413 Financial Analysts and Related Professionals,business-valuer
24139,Financial analyst and related professional n.e.c.,2,Professionals,24,2414 Securities and Finance Dealers,financial-analyst-and-related-professional-n-e-c
24149,Securities/Finance dealer n.e.c.,2,Professionals,24,2415 Securities and Finance Brokers,securities-finance-dealer-n-e-c
24159,Securities/Finance broker n.e.c.,2,Professionals,24,2416 Insurance Underwriters,securities-finance-broker-n-e-c
24160,Insurance underwriter,2,Professionals,24,Singapore Department of Statistics Singapore Standard Occupational Classification 2024  31 Major Group 2: Professionals 242 ADMINISTRATION PROFESSIONALS 2421 Management and Business Consultants,insurance-underwriter
24214,Sustainability project development/management professional,2,Professionals,24,2422 Policy Administration Professionals,sustainability-project-development-management-professional
24222,Risk analyst (non-financial),2,Professionals,24,2423 Human Resource Professionals,risk-analyst-non-financial
24234,Industrial relations officer,2,Professionals,24,2424 Training and Staff Development Professionals,industrial-relations-officer
24240,Training/Staff development professional,2,Professionals,24,2425 Intellectual Property Professionals,training-staff-development-professional
24252,Intellectual property examiner,2,Professionals,24,2429 Administration Professionals Not Elsewhere Classified,intellectual-property-examiner
24299,Other administration professional n.e.c.,2,Professionals,24,243 MARKETING AND PUBLIC RELATIONS PROFESSIONALS 2431 Advertising and Marketing Professionals,other-administration-professional-n-e-c
24315,Revenue specialist,2,Professionals,24,2432 Public Relations Professionals 32  Singapore Department of Statistics Singapore Standard Occupational Classification 2024 Major Group 2: Professionals,revenue-specialist
24320,Public relations/Corporate communications professional,2,Professionals,24,2433 Specialised Goods Sales Professionals,public-relations-corporate-communications-professional
24339,Specialised goods sales professional n.e.c.,2,Professionals,24,2435 Commodities and Freight Traders,specialised-goods-sales-professional-n-e-c
24354,Environmental commodities trader,2,Professionals,24,"Singapore Department of Statistics Singapore Standard Occupational Classification 2024  13 Creation of New Codes for Other New Occupations 4.7 Further to the above, to cater to the increase in occupations in certain fields with main tasks and duties that are distinct from existing occupations in the SSOC as well as new occupations becoming more prevalent in emerging industries, separate five-digit codes have been created for them in the SSOC 2024. This includes new five-digit codes created for agriculturist and aquaculturist, which were previously subsumed in the residual code. A new code has also been created for non-financial risk analyst as such role becomes increasingly distinct from the generic policy planning professionals. A separate code has also been created for executive secretary in acknowledgement of the higher skill level required compared to the usual secretaries to perform the additional specialised organisational and administrative tasks to support top executives. 4.8 To better reflect the different tasks and duties performed by credit and loans officers from that of other financial services back-office associate professional support roles, a new four-digit unit group has been created to distinguish these roles which typically perform back-office transactions and operational support, from credit and loans officers who analyse and evaluate financial information on applications for credit. Creation of New Three-digit Minor Group for Social Services, Counselling and Related Professionals 4.9 A new three-digit Minor Group 266 ‘Social Services, Counselling and Related Professionals’ has been created to separately group social services related professionals, which were previously classified in the same minor group as social science researchers and religious professionals. This is in recognition of the growing importance of Care Economy in Singapore and also enables a larger variety of occupations to be identified in the social services sector. For instance, a new four-digit Unit Group 2664 ‘Employment Support Professionals’ has been created under this minor group to accommodate emerging occupations such as job coach (disability) who provides assistance to persons with disabilities to secure and retain employment. Reclassification of Occupations Across Major Groups and Unit Groups 4.10 Some occupations have been reclassified across unit groups, taking into consideration the main tasks and duties of these occupations in the context of Singapore and developments in recent years. For instance, ‘multimedia games designer’ and ‘interaction designer’ have been reclassified from Unit Group 2166 to Unit Group 2512 given that the nature of work is more related to information and communications technology (ICT). Another example is the reclassification of ‘Educarer’ from Major Group 5 to Major Group 3. This takes into account that other than just providing care and supervision, educarers also plan and conduct educational and play activities that are intended to promote the development of children below primary school-going age, in line with the tasks of preschool educators in Major Group 3. 14  Singapore Department of Statistics Singapore Standard Occupational Classification 2024 Removal of Obsolete Codes 4.11 SSOC codes that are obsolete or have low employment counts have been removed. This is to ensure that the SSOC remains relevant and allows for new codes to be created to meet users’ needs. About 20 obsolete five-digit codes, mostly in Major Groups 7 and 8, have been merged into approximately 16 five-digit codes. Improvements to Alphabetical Index 4.12 Some 1,000 new alphabetical index entries have been added to facilitate easier coding. For comprehensiveness and ease of identifying occupational titles without the need to cross check between multiple documents, SSOC occupational titles have been added to the alphabetical index. They are labelled “Principal Title” to distinguish them from the alternative titles in the alphabetical index. An additional of some 270 new job titles have been added in the index by including constituent job titles from main occupational titles to facilitate the use of the index for coding. For example, SSOC 13302 ‘Software and applications manager’ will have “Software development manager” and “Application development manager” included in the alphabetical index as shown in the below table.",environmental-commodities-trader
24354,Environmental commodities trader,2,Professionals,24,2436 Commodities and Ship Brokers,environmental-commodities-trader
24362,Ship broker,2,Professionals,24,25 INFORMATION AND COMMUNICATIONS TECHNOLOGY (ICT) PROFESSIONALS 251 SOFTWARE AND APPLICATIONS DEVELOPERS AND ANALYSTS 2511 Systems Analysts,ship-broker
25114,ICT product manager,2,Professionals,25,"2512 Software, Web, Multimedia and Games Developers and Designers",ict-product-manager
25125,DevOps engineer,2,Professionals,25,2514 Applications and Systems Programmers,devops-engineer
25141,Applications/Systems programmer,2,Professionals,25,Singapore Department of Statistics Singapore Standard Occupational Classification 2024  33 Major Group 2: Professionals,applications-systems-programmer
25143,Artificial intelligence/Machine learning engineer,2,Professionals,25,2515 Information and Communications Technology (ICT) Testing and Quality Assurance Professionals,artificial-intelligence-machine-learning-engineer
25152,ICT auditor,2,Professionals,25,2519 Software and Applications Developers and Analysts Not Elsewhere Classified,ict-auditor
25190,Software and applications developer/analyst n.e.c.,2,Professionals,25,"252 DATABASE, NETWORK, INFRASTRUCTURE AND CYBERSECURITY PROFESSIONALS 2521 Database Designers, Administrators and Data Engineers",software-and-applications-developer-analyst-n-e-c
25213,Data engineer,2,Professionals,25,"2522 Network, Servers, Applications and Computer Systems Administrators",data-engineer
25220,Network/Server/Applications/Computer systems administrator,2,Professionals,25,"2523 Computer Network, Infrastructure and Platform Professionals",network-server-applications-computer-systems-administrator
25239,Computer network/infrastructure/platform professional n.e.c.,2,Professionals,25,2524 Cybersecurity Professionals,computer-network-infrastructure-platform-professional-n-e-c
25249,Cybersecurity professional n.e.c.,2,Professionals,25,"2529 Database, Network, Infrastructure and Cybersecurity Professionals Not Elsewhere Classified",cybersecurity-professional-n-e-c
25291,Data centre engineer,2,Professionals,25,34  Singapore Department of Statistics Singapore Standard Occupational Classification 2024 Major Group 2: Professionals,data-centre-engineer
25299,Other database/network/infrastructure/cybersecurity professional n.e.c.,2,Professionals,25,"26 LEGAL, SOCIAL, RELIGIOUS AND CULTURAL PROFESSIONALS 261 LEGAL PROFESSIONALS 2611 Lawyers",other-database-network-infrastructure-cybersecurity-professional-n-e-c
26119,Lawyer n.e.c.,2,Professionals,26,2612 Judges,lawyer-n-e-c
26120,Judge,2,Professionals,26,2619 Legal Professionals Not Elsewhere Classified,judge
26199,Other legal professional n.e.c.,2,Professionals,26,"262 LIBRARIANS, ARCHIVISTS AND CURATORS 2621 Archivists, Curators and Conservators",other-legal-professional-n-e-c
26213,Conservator,2,Professionals,26,2622 Librarians and Related Information Professionals,conservator
26229,Librarian and related information professional n.e.c.,2,Professionals,26,263 SOCIAL SCIENCE RESEARCHERS AND PROFESSIONALS; RELIGIOUS PROFESSIONALS 2631 Economists,librarian-and-related-information-professional-n-e-c
26310,Economist,2,Professionals,26,"2632 Sociologists, Anthropologists and Related Professionals",economist
26322,Social science researcher,2,Professionals,26,"2633 Historians, Political Scientists and Related Social Science Professionals",social-science-researcher
26339,Historian/Political scientist and related social science professional n.e.c.,2,Professionals,26,2636 Religious Professionals Singapore Department of Statistics Singapore Standard Occupational Classification 2024  35 Major Group 2: Professionals,historian-political-scientist-and-related-social-science-professional-n-e-c
26369,Religious professional n.e.c.,2,Professionals,26,"264 AUTHORS, JOURNALISTS AND EDITORS 2641 Authors and Related Writers",religious-professional-n-e-c
26419,Author and related writer n.e.c.,2,Professionals,26,2642 Journalists,author-and-related-writer-n-e-c
26422,Editor (news/periodicals),2,Professionals,26,2643 Translators and Interpreters,editor-news-periodicals
26432,Interpreter,2,Professionals,26,265 CREATIVE AND PERFORMING ARTISTS 2651 Visual Artists,interpreter
26519,Visual artist n.e.c.,2,Professionals,26,"2652 Musicians, Composers and Singers",visual-artist-n-e-c
26529,Musician/Composer/Singer n.e.c.,2,Professionals,26,2653 Dancers and Choreographers,musician-composer-singer-n-e-c
26530,Dancer/Choreographer,2,Professionals,26,"2654 Film, Stage and Related Directors and Producers",dancer-choreographer
26541,Producer (stage/film/television/commercial/video/radio),2,Professionals,26,36  Singapore Department of Statistics Singapore Standard Occupational Classification 2024 Major Group 2: Professionals,producer-stage-film-television-commercial-video-radio
26549,Film/Stage and related director/producer n.e.c.,2,Professionals,26,2655 Actors,film-stage-and-related-director-producer-n-e-c
26550,Actor,2,Professionals,26,2656 Radio and Television Presenters and Related Professionals,actor
26569,Radio/Television presenter and related professional n.e.c.,2,Professionals,26,"266 SOCIAL SERVICES, COUNSELLING AND RELATED PROFESSIONALS 2661 Psychologists",radio-television-presenter-and-related-professional-n-e-c
26619,Psychologist n.e.c.,2,Professionals,26,2662 Social Work Professionals,psychologist-n-e-c
26629,Social work professional n.e.c.,2,Professionals,26,2663 Counselling Professionals,social-work-professional-n-e-c
26639,Counselling professional n.e.c.,2,Professionals,26,2664 Employment Support Professionals,counselling-professional-n-e-c
26640,Job coach (disability),2,Professionals,26,Singapore Department of Statistics Singapore Standard Occupational Classification 2024  37 Major Group 3: Associate Professionals and Technicians Major Group 3: Associate Professionals and Technicians 3 ASSOCIATE PROFESSIONALS AND TECHNICIANS 31 PHYSICAL AND ENGINEERING SCIENCE ASSOCIATE PROFESSIONALS 310 ASSISTANT ENGINEERS 3100 Assistant Engineers,job-coach-disability
31009,Assistant engineer n.e.c.,3,Technicians and Associate Professionals,31,311 PHYSICAL AND ENGINEERING SCIENCE TECHNICIANS I 3111 Chemical and Physical Science Technicians,assistant-engineer-n-e-c
31119,Chemical/Physical science technician n.e.c.,3,Technicians and Associate Professionals,31,3112 Civil Engineering Technicians,chemical-physical-science-technician-n-e-c
31129,Civil engineering technician n.e.c.,3,Technicians and Associate Professionals,31,3113 Electrical Engineering Technicians,civil-engineering-technician-n-e-c
31132,Lift technician,3,Technicians and Associate Professionals,31,3114 Electronics Engineering Technicians,lift-technician
31144,Instrumentation technician,3,Technicians and Associate Professionals,31,38  Singapore Department of Statistics Singapore Standard Occupational Classification 2024 Major Group 3: Associate Professionals and Technicians 3115 Mechanical Engineering Technicians (Excluding Transport and Vehicle Engineering Technicians),instrumentation-technician
31153,Machining/Tooling technician,3,Technicians and Associate Professionals,31,3116 Chemical Engineering Technicians,machining-tooling-technician
31161,"Chemical engineering technician (excluding petroleum, natural gas and",3,Technicians and Associate Professionals,31,petrochemical),chemical-engineering-technician-excluding-petroleum-natural-gas-and
31164,Food science technician,3,Technicians and Associate Professionals,31,3117 Manufacturing Engineering Technicians,food-science-technician
31175,Quality assurance technician,3,Technicians and Associate Professionals,31,3118 Draughtspersons,quality-assurance-technician
31189,Draughtsperson n.e.c.,3,Technicians and Associate Professionals,31,312 PHYSICAL AND ENGINEERING SCIENCE TECHNICIANS II (Cont’d) 3121 Transport and Vehicle Engineering Technicians,draughtsperson-n-e-c
31214,Rolling stock engineering technician,3,Technicians and Associate Professionals,31,3129 Physical and Engineering Science Technicians Not Elsewhere Classified Singapore Department of Statistics Singapore Standard Occupational Classification 2024  39 Major Group 3: Associate Professionals and Technicians,rolling-stock-engineering-technician
31299,Other physical/engineering science technician n.e.c.,3,Technicians and Associate Professionals,31,313 PROCESS CONTROL TECHNICIANS 3131 Power Generating Plant Operators,other-physical-engineering-science-technician-n-e-c
31310,Power generating plant operator,3,Technicians and Associate Professionals,31,3132 Incinerator and Water Treatment Plant and Related Machine Operators,power-generating-plant-operator
31329,Incinerator/Water treatment plant and related machine operator n.e.c.,3,Technicians and Associate Professionals,31,3133 Chemical Processing Plant Controllers,incinerator-water-treatment-plant-and-related-machine-operator-n-e-c
31332,Pharmaceutical products machine controller,3,Technicians and Associate Professionals,31,3134 Petroleum and Natural Gas Refining Plant Operators,pharmaceutical-products-machine-controller
31342,Cylinder filler/tester (compressed/liquefied gases),3,Technicians and Associate Professionals,31,3135 Metal Production Process Controllers,cylinder-filler-tester-compressed-liquefied-gases
31350,Metal production process controller,3,Technicians and Associate Professionals,31,3139 Process Control Technicians Not Elsewhere Classified,metal-production-process-controller
31399,Other process control technician n.e.c.,3,Technicians and Associate Professionals,31,314 LIFE SCIENCE TECHNICIANS AND RELATED ASSOCIATE PROFESSIONALS 3141 Life Science Technicians (Excluding Medical) 40  Singapore Department of Statistics Singapore Standard Occupational Classification 2024 Major Group 3: Associate Professionals and Technicians,other-process-control-technician-n-e-c
31419,Life science technician (excluding medical) n.e.c.,3,Technicians and Associate Professionals,31,"3142 Agronomy, Horticultural and Farming Technicians",life-science-technician-excluding-medical-n-e-c
31423,Farming technician (animal production),3,Technicians and Associate Professionals,31,315 SHIP AND AIRCRAFT CONTROLLERS AND TECHNICIANS 3151 Ship Engineering Officers,farming-technician-animal-production
31510,Marine engineering officer,3,Technicians and Associate Professionals,31,3152 Ships’ Deck Officers and Pilots,marine-engineering-officer
31529,Ship’s deck officer/pilot n.e.c.,3,Technicians and Associate Professionals,31,3154 Air Traffic Controllers,ship-s-deck-officer-pilot-n-e-c
31540,Air traffic controller,3,Technicians and Associate Professionals,31,3156 Sea Traffic Controllers,air-traffic-controller
31560,Sea traffic controller,3,Technicians and Associate Professionals,31,3157 Transport Operations Supervisors,sea-traffic-controller
31579,Transport operations supervisor n.e.c.,3,Technicians and Associate Professionals,31,3159 Transport Controllers and Related Workers Not Elsewhere Classified,transport-operations-supervisor-n-e-c
31595,Load control officer (aircraft),3,Technicians and Associate Professionals,31,Singapore Department of Statistics Singapore Standard Occupational Classification 2024  41 Major Group 3: Associate Professionals and Technicians,load-control-officer-aircraft
31599,Other transport controller and related worker n.e.c.,3,Technicians and Associate Professionals,31,316 PREMISES AND PARKS OFFICERS 3160 Premises and Parks Officers,other-transport-controller-and-related-worker-n-e-c
31603,Parks officer,3,Technicians and Associate Professionals,31,"317 BUILDING, QUALITY AND SAFETY INSPECTORS 3171 Building and Fire Inspectors",parks-officer
31719,Building/Fire inspector n.e.c.,3,Technicians and Associate Professionals,31,3172 Quality and Safety Inspectors,building-fire-inspector-n-e-c
31720,Safety inspector (vehicles/processes/products),3,Technicians and Associate Professionals,31,32 HEALTH ASSOCIATE PROFESSIONALS 321 MEDICAL AND PHARMACEUTICAL TECHNICIANS 3211 Medical Imaging and Therapeutic Equipment Technicians,safety-inspector-vehicles-processes-products
32119,Medical imaging/therapeutic equipment technician n.e.c.,3,Technicians and Associate Professionals,32,3212 Medical and Pathology Laboratory Technicians,medical-imaging-therapeutic-equipment-technician-n-e-c
32120,Medical/Pathology laboratory technician,3,Technicians and Associate Professionals,32,3213 Pharmacy Technicians,medical-pathology-laboratory-technician
32130,Pharmacy technician,3,Technicians and Associate Professionals,32,3214 Medical and Dental Prosthetic Technicians,pharmacy-technician
32143,Dental technician,3,Technicians and Associate Professionals,32,322 NURSING ASSOCIATE PROFESSIONALS 3220 Nursing Associate Professionals 42  Singapore Department of Statistics Singapore Standard Occupational Classification 2024 Major Group 3: Associate Professionals and Technicians,dental-technician
32200,Enrolled/Assistant nurse (excluding registered nurse),3,Technicians and Associate Professionals,32,323 TRADITIONAL AND COMPLEMENTARY MEDICINE ASSOCIATE PROFESSIONALS 3230 Traditional and Complementary Medicine Associate Professionals,enrolled-assistant-nurse-excluding-registered-nurse
32300,Traditional and complementary medicine associate professional,3,Technicians and Associate Professionals,32,324 VETERINARY TECHNICIANS AND ASSISTANTS 3240 Veterinary Technicians and Assistants,traditional-and-complementary-medicine-associate-professional
32400,Veterinary technician/assistant,3,Technicians and Associate Professionals,32,325 OTHER HEALTH ASSOCIATE PROFESSIONALS 3251 Oral Health Therapists,veterinary-technician-assistant
32510,Oral health therapist,3,Technicians and Associate Professionals,32,3253 Community Health Workers,oral-health-therapist
32530,Community health worker,3,Technicians and Associate Professionals,32,3254 Opticians,community-health-worker
32540,Optician,3,Technicians and Associate Professionals,32,3255 Physiotherapy Technicians and Related Associate Professionals,optician
32559,Physiotherapy technician and related associate professional n.e.c.,3,Technicians and Associate Professionals,32,3257 Environmental and Occupational Health Inspectors,physiotherapy-technician-and-related-associate-professional-n-e-c
32572,Occupational health and safety inspector,3,Technicians and Associate Professionals,32,3259 Health Associate Professionals Not Elsewhere Classified,occupational-health-and-safety-inspector
32599,Other health associate professional n.e.c.,3,Technicians and Associate Professionals,32,33 BUSINESS AND ADMINISTRATION ASSOCIATE PROFESSIONALS 331 FINANCIAL AND MATHEMATICAL ASSOCIATE PROFESSIONALS 3312 Credit and Loans Officers,other-health-associate-professional-n-e-c
33120,Credit/Loans officer,3,Technicians and Associate Professionals,33,3313 Accounting Associate Professionals,credit-loans-officer
33132,Audit associate professional,3,Technicians and Associate Professionals,33,Singapore Department of Statistics Singapore Standard Occupational Classification 2024  43 Major Group 3: Associate Professionals and Technicians,audit-associate-professional
33133,Tax associate professional,3,Technicians and Associate Professionals,33,3315 Valuers and Loss Assessors,tax-associate-professional
33153,Intangible asset valuer,3,Technicians and Associate Professionals,33,3316 Financial Services Back Office Administrators,intangible-asset-valuer
33160,Financial services back office administrator,3,Technicians and Associate Professionals,33,332 SALES AND RELATED ASSOCIATE PROFESSIONALS 3321 Insurance Representatives and Related Associate Professionals,financial-services-back-office-administrator
33219,Insurance representative and related associate professional n.e.c.,3,Technicians and Associate Professionals,33,3322 Commercial and Marketing Sales Executives,insurance-representative-and-related-associate-professional-n-e-c
33229,Commercial/Marketing sales executive n.e.c.,3,Technicians and Associate Professionals,33,3323 Buyers and Purchasing Agents,commercial-marketing-sales-executive-n-e-c
33232,Purchasing agent,3,Technicians and Associate Professionals,33,3329 Sales and Related Associate Professionals Not Elsewhere Classified,purchasing-agent
33299,Other sales and related associate professional n.e.c.,3,Technicians and Associate Professionals,33,"333 BUSINESS SERVICES AGENTS 3331 Shipping, Clearing and Forwarding Agents",other-sales-and-related-associate-professional-n-e-c
33313,Freight inspector,3,Technicians and Associate Professionals,33,3332 Conference and Event Planners 44  Singapore Department of Statistics Singapore Standard Occupational Classification 2024 Major Group 3: Associate Professionals and Technicians,freight-inspector
33320,Exhibition/Conference/Event planner,3,Technicians and Associate Professionals,33,3333 Employment Agents and Labour Contractors,exhibition-conference-event-planner
33330,Employment agent/Labour contractor,3,Technicians and Associate Professionals,33,3334 Real Estate Agents,employment-agent-labour-contractor
33340,Real estate agent,3,Technicians and Associate Professionals,33,3339 Business Services Agents Not Elsewhere Classified,real-estate-agent
33399,Other business services agent n.e.c.,3,Technicians and Associate Professionals,33,334 ADMINISTRATIVE ASSOCIATE PROFESSIONALS 3346 Logistics and Maintenance Planners,other-business-services-agent-n-e-c
33462,Maintenance planner,3,Technicians and Associate Professionals,33,3349 Administrative and Related Associate Professionals Not Elsewhere Classified,maintenance-planner
33499,Other administrative and related associate professional n.e.c.,3,Technicians and Associate Professionals,33,335 GOVERNMENT ASSOCIATE PROFESSIONALS 3351 Customs and Immigration Officers,other-administrative-and-related-associate-professional-n-e-c
33510,Customs/Immigration officer,3,Technicians and Associate Professionals,33,3355 Police Inspectors,customs-immigration-officer
33552,Auxiliary police officer supervisor,3,Technicians and Associate Professionals,33,3359 Government Associate Professionals Not Elsewhere Classified,auxiliary-police-officer-supervisor
33592,Government social benefits official,3,Technicians and Associate Professionals,33,Singapore Department of Statistics Singapore Standard Occupational Classification 2024  45 Major Group 3: Associate Professionals and Technicians,government-social-benefits-official
33599,Other government associate professional n.e.c.,3,Technicians and Associate Professionals,33,336 TRANSPORT OPERATIONS PLANNERS AND EXECUTIVES 3360 Transport Equipment Project Executives,other-government-associate-professional-n-e-c
33609,Transport equipment project executive n.e.c.,3,Technicians and Associate Professionals,33,"34 LEGAL, SOCIAL, CULTURAL AND RELATED ASSOCIATE PROFESSIONALS 341 LEGAL AND SOCIAL ASSOCIATE PROFESSIONALS 3411 Legal Associate Professionals",transport-equipment-project-executive-n-e-c
34110,Legal associate professional,3,Technicians and Associate Professionals,34,3412 Social Work Associate Professionals,legal-associate-professional
34123,Volunteer executive,3,Technicians and Associate Professionals,34,342 SPORTS AND FITNESS WORKERS 3421 Athletes and Sportspersons,volunteer-executive
34210,Athlete/Sportsperson,3,Technicians and Associate Professionals,34,"3422 Sports Coaches, Instructors, Officials and Related Associate Professionals",athlete-sportsperson
34229,Sports coach/instructor/official and related associate professional n.e.c.,3,Technicians and Associate Professionals,34,343 ARTISTIC AND CULTURAL ASSOCIATE PROFESSIONALS 3431 Photographers,sports-coach-instructor-official-and-related-associate-professional-n-e-c
34310,Photographer,3,Technicians and Associate Professionals,34,3432 Interior Designers and Decorators,photographer
34321,Interior designer,3,Technicians and Associate Professionals,34,46  Singapore Department of Statistics Singapore Standard Occupational Classification 2024 Major Group 3: Associate Professionals and Technicians,interior-designer
34323,Visual merchandiser,3,Technicians and Associate Professionals,34,"3433 Gallery, Museum and Library Technicians",visual-merchandiser
34332,Gallery/Museum and related technician,3,Technicians and Associate Professionals,34,3434 Chefs,gallery-museum-and-related-technician
34343,Pastry chef,3,Technicians and Associate Professionals,34,3439 Artistic and Cultural Associate Professionals Not Elsewhere Classified,pastry-chef
34399,Other artistic/cultural associate professional n.e.c.,3,Technicians and Associate Professionals,34,344 CREATIVE AND PERFORMING ARTS ASSOCIATE PROFESSIONALS 3440 Creative and Performing Arts Associate Professionals,other-artistic-cultural-associate-professional-n-e-c
34409,Creative/Performing arts associate professional n.e.c.,3,Technicians and Associate Professionals,34,35 INFORMATION AND COMMUNICATIONS TECHNICIANS 351 INFORMATION AND COMMUNICATIONS TECHNOLOGY OPERATORS AND TECHNICIANS 3511 Computer Systems Operators,creative-performing-arts-associate-professional-n-e-c
35110,Computer systems operator,3,Technicians and Associate Professionals,35,3512 Computer Technicians,computer-systems-operator
35129,Computer technician n.e.c.,3,Technicians and Associate Professionals,35,3514 Website Administrators,computer-technician-n-e-c
35140,Website administrator/Webmaster,3,Technicians and Associate Professionals,35,352 TELECOMMUNICATIONS AND BROADCASTING TECHNICIANS AND AUDIO- VISUAL OPERATORS 3521 Broadcasting Technicians and Audio-Visual Operators Singapore Department of Statistics Singapore Standard Occupational Classification 2024  47 Major Group 3: Associate Professionals and Technicians,website-administrator-webmaster
35219,Broadcasting technician/Audio-visual operator n.e.c.,3,Technicians and Associate Professionals,35,3522 Telecommunications Engineering Technicians,broadcasting-technician-audio-visual-operator-n-e-c
35220,Telecommunications engineering technician,3,Technicians and Associate Professionals,35,3523 Telecommunications Equipment Operators,telecommunications-engineering-technician
35239,Telecommunications equipment operator n.e.c.,3,Technicians and Associate Professionals,35,3529 Telecommunications and Broadcasting Technicians and Audio-Visual Operators Not Elsewhere Classified,telecommunications-equipment-operator-n-e-c
35290,Telecommunications/Broadcasting technician/Audio-visual operator n.e.c.,3,Technicians and Associate Professionals,35,36 TEACHING ASSOCIATE PROFESSIONALS 361 PRESCHOOL EDUCATION TEACHERS 3610 Preschool Education Teachers,telecommunications-broadcasting-technician-audio-visual-operator-n-e-c
36100,Preschool education teacher,3,Technicians and Associate Professionals,36,362 EXTRACURRICULUM INSTRUCTORS 3620 Extracurriculum Instructors,preschool-education-teacher
36209,Extracurriculum instructor n.e.c.,3,Technicians and Associate Professionals,36,369 TEACHING ASSOCIATE PROFESSIONALS NOT ELSEWHERE CLASSIFIED 3691 Private Tutors,extracurriculum-instructor-n-e-c
36910,Private tutor (academic),3,Technicians and Associate Professionals,36,48  Singapore Department of Statistics Singapore Standard Occupational Classification 2024 Major Group 3: Associate Professionals and Technicians 3699 Teaching Associate Professionals Not Elsewhere Classified,private-tutor-academic
36999,Other teaching associate professional n.e.c.,3,Technicians and Associate Professionals,36,39 OTHER ASSOCIATE PROFESSIONALS NOT ELSEWHERE CLASSIFIED 399 OTHER ASSOCIATE PROFESSIONALS NOT ELSEWHERE CLASSIFIED 3991 Religious Associate Professionals,other-teaching-associate-professional-n-e-c
39910,Non-ordained religious associate professional,3,Technicians and Associate Professionals,39,Singapore Department of Statistics Singapore Standard Occupational Classification 2024  49 Major Group 4: Clerical Support Workers Major Group 4: Clerical Support Workers 4 CLERICAL SUPPORT WORKERS 40 CLERICAL SUPERVISORS 400 CLERICAL SUPERVISORS 4000 Clerical Supervisors,non-ordained-religious-associate-professional
40000,Office supervisor,4,Clerical Support Workers,40,41 GENERAL AND KEYBOARD CLERKS 411 GENERAL OFFICE CLERKS 4110 General Office Clerks,office-supervisor
41109,General office clerk n.e.c.,4,Clerical Support Workers,41,412 SECRETARIES AND VERBATIM REPORTERS 4120 Secretaries and Verbatim Reporters,general-office-clerk-n-e-c
41202,Verbatim reporter,4,Clerical Support Workers,41,413 KEYBOARD OPERATORS 4131 Typists and Word Processing Operators,verbatim-reporter
41310,Typist/Word processing operator,4,Clerical Support Workers,41,4132 Data Entry Clerks,typist-word-processing-operator
41320,Data entry clerk,4,Clerical Support Workers,41,"42 CUSTOMER SERVICES OFFICERS AND CLERKS 421 TELLERS, MONEY COLLECTORS AND RELATED CLERKS 4211 Bank Tellers and Related Counter Clerks",data-entry-clerk
42119,Bank teller and related counter clerk n.e.c.,4,Clerical Support Workers,42,4213 Pawnbrokers and Moneylenders,bank-teller-and-related-counter-clerk-n-e-c
42132,Moneylender,4,Clerical Support Workers,42,50  Singapore Department of Statistics Singapore Standard Occupational Classification 2024 Major Group 4: Clerical Support Workers 4214 Bill Collectors and Related Workers,moneylender
42149,Bill collector and related worker n.e.c.,4,Clerical Support Workers,42,422 CLIENT INFORMATION CLERKS 4221 Travel Agency and Related Clerks,bill-collector-and-related-worker-n-e-c
42210,Travel consultant/reservation executive,4,Clerical Support Workers,42,4223 Telephone Operators,travel-consultant-reservation-executive
42230,Telephone operator,4,Clerical Support Workers,42,"4224 Receptionists, Customer Service and Information Clerks",telephone-operator
42249,Receptionist/Customer service/information clerk n.e.c.,4,Clerical Support Workers,42,4229 Client Information Clerks Not Elsewhere Classified,receptionist-customer-service-information-clerk-n-e-c
42290,Client information clerk n.e.c.,4,Clerical Support Workers,42,43 NUMERICAL AND MATERIAL-RECORDING CLERKS 431 NUMERICAL CLERKS 4311 Accounting and Bookkeeping Clerks,client-information-clerk-n-e-c
43119,Accounting/Bookkeeping clerk n.e.c.,4,Clerical Support Workers,43,4312 Finance and Insurance Clerks Singapore Department of Statistics Singapore Standard Occupational Classification 2024  51 Major Group 4: Clerical Support Workers,accounting-bookkeeping-clerk-n-e-c
43129,Finance/Insurance clerk n.e.c.,4,Clerical Support Workers,43,4314 Statistical Clerks,finance-insurance-clerk-n-e-c
43142,Enumerator/Market research interviewer,4,Clerical Support Workers,43,4315 Computer Operations Clerks,enumerator-market-research-interviewer
43159,Computer operations clerk n.e.c.,4,Clerical Support Workers,43,432 MATERIAL-RECORDING AND TRANSPORT CLERKS 4321 Stock Clerks,computer-operations-clerk-n-e-c
43219,Stock clerk n.e.c.,4,Clerical Support Workers,43,4322 Production Clerks,stock-clerk-n-e-c
43229,Production clerk n.e.c.,4,Clerical Support Workers,43,4323 Transport Clerks,production-clerk-n-e-c
43239,Transport clerk n.e.c.,4,Clerical Support Workers,43,44 OTHER CLERICAL SUPPORT WORKERS 441 OTHER CLERICAL SUPPORT WORKERS 4411 Library Clerks,transport-clerk-n-e-c
44110,Library clerk,4,Clerical Support Workers,44,4412 Mail Carriers and Sorting Workers,library-clerk
44121,Postal service supervisor,4,Clerical Support Workers,44,52  Singapore Department of Statistics Singapore Standard Occupational Classification 2024 Major Group 4: Clerical Support Workers,postal-service-supervisor
44129,Mail carrier/sorting worker n.e.c.,4,Clerical Support Workers,44,4417 Legal Clerks,mail-carrier-sorting-worker-n-e-c
44170,Legal clerk,4,Clerical Support Workers,44,4419 Clerical Support Workers Not Elsewhere Classified,legal-clerk
44199,Other clerical support worker n.e.c.,4,Clerical Support Workers,44,"Singapore Department of Statistics Singapore Standard Occupational Classification 2024  53 Major Group 5: Service and Sales Workers Major Group 5: Service and Sales Workers 5 SERVICES AND SALES WORKERS 51 PERSONAL SERVICES WORKERS 511 TRAVEL ATTENDANTS, CONDUCTORS AND GUIDES 5111 Travel Attendants and Stewards",other-clerical-support-worker-n-e-c
51112,Cabin attendant/steward,5,Service and Sales Workers,51,5112 Transport Service Inspectors and Related Workers,cabin-attendant-steward
51129,Transport service inspector and related worker n.e.c.,5,Service and Sales Workers,51,5113 Tour and Related Guides,transport-service-inspector-and-related-worker-n-e-c
51132,Attractions guide,5,Service and Sales Workers,51,512 COOKS 5120 Cooks,attractions-guide
51202,Senior cook,5,Service and Sales Workers,51,513 WAITERS AND BARTENDERS 5131 Waiters,senior-cook
51313,Sommelier,5,Service and Sales Workers,51,5132 Bartenders and Baristas,sommelier
51322,Barista,5,Service and Sales Workers,51,5133 Bar and Lounge Hostesses,barista
51330,Bar/Lounge hostess,5,Service and Sales Workers,51,5139 Waiters and Bartenders Not Elsewhere Classified,bar-lounge-hostess
51390,Waiter/Bartender n.e.c.,5,Service and Sales Workers,51,"514 HAIRDRESSERS, BEAUTICIANS AND RELATED WORKERS 54  Singapore Department of Statistics Singapore Standard Occupational Classification 2024 Major Group 5: Service and Sales Workers 5141 Hairdressers, Barbers and Related Workers",waiter-bartender-n-e-c
51419,Hairdresser/Barber and related worker n.e.c.,5,Service and Sales Workers,51,5142 Beauticians and Related Workers,hairdresser-barber-and-related-worker-n-e-c
51423,Makeup artist (stage/film/studio),5,Service and Sales Workers,51,5149 Wellness Related Workers Not Elsewhere Classified,makeup-artist-stage-film-studio
51499,Other wellness related worker n.e.c.,5,Service and Sales Workers,51,515 HOUSEKEEPERS AND RELATED WORKERS 5150 Housekeepers and Related Workers,other-wellness-related-worker-n-e-c
51509,Housekeeper and related worker n.e.c.,5,Service and Sales Workers,51,"517 BOOKMAKERS, CROUPIERS AND RELATED GAMING WORKERS 5170 Bookmakers, Croupiers and Related Gaming Workers",housekeeper-and-related-worker-n-e-c
51702,Bookmaker/Croupier/Casino dealer and related gaming worker,5,Service and Sales Workers,51,"519 PERSONAL SERVICES WORKERS NOT ELSEWHERE CLASSIFIED 5191 Astrologers, Fortune-Tellers and Related Workers",bookmaker-croupier-casino-dealer-and-related-gaming-worker
51910,Astrologer/Fortune-teller and related worker,5,Service and Sales Workers,51,5193 Funeral Directors and Embalmers,astrologer-fortune-teller-and-related-worker
51932,Embalmer,5,Service and Sales Workers,51,"Singapore Department of Statistics Singapore Standard Occupational Classification 2024  55 Major Group 5: Service and Sales Workers 5194 Pet Groomers, Animal Keepers and Trainers",embalmer
51949,Pet groomer/Animal keeper/trainer n.e.c.,5,Service and Sales Workers,51,5195 Driving Instructors,pet-groomer-animal-keeper-trainer-n-e-c
51950,Driving instructor/tester,5,Service and Sales Workers,51,5199 Other Personal Services Workers Not Elsewhere Classified,driving-instructor-tester
51999,Other personal services worker n.e.c.,5,Service and Sales Workers,51,52 SALES WORKERS 521 STALL SALES WORKERS 5211 Hawkers and Stall Holders (Excluding Prepared Food and Drinks),other-personal-services-worker-n-e-c
52110,Hawker/Stall holder (excluding prepared food and drinks),5,Service and Sales Workers,52,5212 Hawkers and Stall Holders (Prepared Food or Drinks),hawker-stall-holder-excluding-prepared-food-and-drinks
52120,Hawker/Stall holder (prepared food/drinks),5,Service and Sales Workers,52,5213 Newsvendors,hawker-stall-holder-prepared-food-drinks
52130,Newsvendor,5,Service and Sales Workers,52,5219 Stall Sales Workers Not Elsewhere Classified,newsvendor
52190,Stall sales worker n.e.c.,5,Service and Sales Workers,52,522 SHOP SALESPERSONS 5220 Shop and Store Salespersons,stall-sales-worker-n-e-c
52202,Shop sales assistant,5,Service and Sales Workers,52,523 CASHIERS AND TICKET CLERKS 5230 Cashiers and Ticket Clerks,shop-sales-assistant
52303,Office cashier,5,Service and Sales Workers,52,56  Singapore Department of Statistics Singapore Standard Occupational Classification 2024 Major Group 5: Service and Sales Workers,office-cashier
52309,Cashier/Ticket clerk n.e.c.,5,Service and Sales Workers,52,"524 MODELS, SALES DEMONSTRATORS AND RELATED SALES WORKERS 5241 Fashion and Related Models",cashier-ticket-clerk-n-e-c
52410,Fashion and related model,5,Service and Sales Workers,52,5242 Sales Demonstrators and Door-to-Door Salespersons,fashion-and-related-model
52422,Salesperson (door-to-door),5,Service and Sales Workers,52,5244 Contact Centre Salespersons,salesperson-door-to-door
52440,Telemarketer,5,Service and Sales Workers,52,5249 Sales Workers Not Elsewhere Classified,telemarketer
52499,Other sales worker n.e.c.,5,Service and Sales Workers,52,53 PERSONAL CARE WORKERS 531 CHILD CARE WORKERS AND TEACHER AIDES 5311 Child Care and Related Workers,other-sales-worker-n-e-c
53114,Child/Youth residential care assistant,5,Service and Sales Workers,53,5312 Teacher Aides,child-youth-residential-care-assistant
53120,Teacher aide,5,Service and Sales Workers,53,532 HEALTHCARE ASSISTANTS AND RELATED PERSONAL CARE WORKERS 5320 Healthcare Assistants and Related Personal Care Workers,teacher-aide
53209,Healthcare assistant and related personal care worker n.e.c.,5,Service and Sales Workers,53,54 PROTECTIVE SERVICES WORKERS 541 PROTECTIVE SERVICES WORKERS Singapore Department of Statistics Singapore Standard Occupational Classification 2024  57 Major Group 5: Service and Sales Workers 5411 Fire-Fighting and Rescue Officers,healthcare-assistant-and-related-personal-care-worker-n-e-c
54110,Fire-fighting/Rescue officer,5,Service and Sales Workers,54,5412 Police Officers,fire-fighting-rescue-officer
54123,Auxiliary police officer,5,Service and Sales Workers,54,5413 Prison Officers,auxiliary-police-officer
54130,Prison officer,5,Service and Sales Workers,54,5414 Security Guards,prison-officer
54144,Private security officer,5,Service and Sales Workers,54,5415 Lifeguards,private-security-officer
54150,Lifeguard,5,Service and Sales Workers,54,5419 Protective Services and Related Workers Not Elsewhere Classified,lifeguard
54199,Other protective services and related worker n.e.c.,5,Service and Sales Workers,54,59 SERVICES WORKERS NOT ELSEWHERE CLASSIFIED 590 SERVICES WORKERS NOT ELSEWHERE CLASSIFIED 5900 Services Workers Not Elsewhere Classified,other-protective-services-and-related-worker-n-e-c
59000,Services worker n.e.c.,5,Service and Sales Workers,59,58  Singapore Department of Statistics Singapore Standard Occupational Classification 2024 Major Group 6: Agricultural and Fishery Workers Major Group 6: Agricultural and Fishery Workers 6 AGRICULTURAL AND FISHERY WORKERS 61 AGRICULTURAL WORKERS 611 MARKET GARDENERS AND CROP GROWERS 6111 Vegetable Farm Workers,services-worker-n-e-c
61110,Vegetable farm worker,6,"Skilled Agricultural, Forestry, and Fishery Workers",61,"6113 Gardeners, Horticultural and Nursery Growers",vegetable-farm-worker
61133,Gardener/Horticultural worker,6,"Skilled Agricultural, Forestry, and Fishery Workers",61,612 ANIMAL PRODUCERS 6121 Livestock and Dairy Farm Workers,gardener-horticultural-worker
61210,Livestock/Dairy farm worker,6,"Skilled Agricultural, Forestry, and Fishery Workers",61,6122 Poultry Farm Workers,livestock-dairy-farm-worker
61220,Poultry farm worker,6,"Skilled Agricultural, Forestry, and Fishery Workers",61,619 AGRICULTURAL WORKERS NOT ELSEWHERE CLASSIFIED 6190 Agricultural Workers Not Elsewhere Classified,poultry-farm-worker
61900,Agricultural worker n.e.c.,6,"Skilled Agricultural, Forestry, and Fishery Workers",61,62 FISHERY WORKERS 622 FISHERY WORKERS 6221 Aquaculture Workers,agricultural-worker-n-e-c
62219,Aquaculture worker n.e.c.,6,"Skilled Agricultural, Forestry, and Fishery Workers",62,6222 Coastal Waters and Deep Sea Fishery Workers,aquaculture-worker-n-e-c
62220,Coastal waters/Deep sea fishery worker,6,"Skilled Agricultural, Forestry, and Fishery Workers",62,Singapore Department of Statistics Singapore Standard Occupational Classification 2024  59 Major Group 7: Craftsmen and Related Trades Workers Major Group 7: Craftsmen and Related Trades Workers 7 CRAFTSMEN AND RELATED TRADES WORKERS 71 BUILDING AND RELATED TRADES WORKERS (EXCLUDING ELECTRICIANS) 710 SUPERVISORS AND GENERAL FOREMEN (BUILDING AND RELATED TRADES) 7100 Supervisors and General Foremen (Building and Related Trades),coastal-waters-deep-sea-fishery-worker
71000,Supervisor/General foreman (building and related trades),7,Craft and Related Trades Workers,71,711 BUILDING FRAME AND RELATED TRADES WORKERS 7112 Bricklayers and Related Workers,supervisor-general-foreman-building-and-related-trades
71120,Bricklayer/Blocklayer,7,Craft and Related Trades Workers,71,"7113 Stonemasons, Stone Cutters, Splitters and Carvers",bricklayer-blocklayer
71130,Stonemason/Stone cutter/splitter/carver,7,Craft and Related Trades Workers,71,"7114 Concrete Placers, Concrete Finishers and Related Workers",stonemason-stone-cutter-splitter-carver
71149,Concrete placer/finisher and related worker n.e.c.,7,Craft and Related Trades Workers,71,7115 Carpenters and Joiners,concrete-placer-finisher-and-related-worker-n-e-c
71152,Joiner,7,Craft and Related Trades Workers,71,7119 Building Frame and Related Trades Workers Not Elsewhere Classified,joiner
71199,Other building frame and related trades worker n.e.c.,7,Craft and Related Trades Workers,71,712 BUILDING FINISHERS AND RELATED TRADES WORKERS 7121 Roofers,other-building-frame-and-related-trades-worker-n-e-c
71210,Roofer,7,Craft and Related Trades Workers,71,7122 Floor Layers and Tile Setters,roofer
71220,Floor/Wall tiler,7,Craft and Related Trades Workers,71,7123 Plasterers,floor-wall-tiler
71230,Plasterer,7,Craft and Related Trades Workers,71,7124 Insulation Workers,plasterer
71241,Refrigeration/Air-conditioning equipment insulator,7,Craft and Related Trades Workers,71,60  Singapore Department of Statistics Singapore Standard Occupational Classification 2024 Major Group 7: Craftsmen and Related Trades Workers,refrigeration-air-conditioning-equipment-insulator
71249,Insulation worker n.e.c.,7,Craft and Related Trades Workers,71,7125 Glaziers,insulation-worker-n-e-c
71250,Glazier,7,Craft and Related Trades Workers,71,"7126 Plumbers, Pipe Fitters and Related Workers",glazier
71263,Pipe/Drain layer,7,Craft and Related Trades Workers,71,7127 Air-Conditioning and Refrigeration Mechanics,pipe-drain-layer
71272,Air-conditioning/Refrigeration plant installer,7,Craft and Related Trades Workers,71,7129 Building Finishers and Related Trades Workers Not Elsewhere Classified,air-conditioning-refrigeration-plant-installer
71290,Building finisher and related trades worker n.e.c.,7,Craft and Related Trades Workers,71,"713 PAINTERS, BUILDING STRUCTURE CLEANERS AND RELATED WORKERS 7131 Building Painters and Related Workers",building-finisher-and-related-trades-worker-n-e-c
71312,Wall/Ceiling paperhanger,7,Craft and Related Trades Workers,71,"7132 Spray Painters, Varnishers and Related Painters",wall-ceiling-paperhanger
71329,Spray painter/Varnisher and related painter n.e.c.,7,Craft and Related Trades Workers,71,"7133 Building Maintenance Workers, Building Structure Cleaners and Related Workers",spray-painter-varnisher-and-related-painter-n-e-c
71332,Building structure cleaner and related worker,7,Craft and Related Trades Workers,71,"72 METAL, MACHINERY AND RELATED TRADES WORKERS 720 SUPERVISORS AND GENERAL FOREMEN (METAL, MACHINERY AND RELATED TRADES) 7200 Supervisors and General Foremen (Metal, Machinery and Related Trades)",building-structure-cleaner-and-related-worker
72000,Supervisor/General foreman (metal/machinery and related trades),7,Craft and Related Trades Workers,72,"Singapore Department of Statistics Singapore Standard Occupational Classification 2024  61 Major Group 7: Craftsmen and Related Trades Workers 721 SHEET AND STRUCTURAL METAL WORKERS, MOULDERS AND WELDERS AND RELATED TRADES WORKERS 7211 Metal Moulders and Coremakers",supervisor-general-foreman-metal-machinery-and-related-trades
72110,Metal moulder/coremaker,7,Craft and Related Trades Workers,72,7212 Welders and Flame Cutters,metal-moulder-coremaker
72120,Welder/Flame cutter,7,Craft and Related Trades Workers,72,7213 Sheet Metal Workers,welder-flame-cutter
72130,Sheet metal worker,7,Craft and Related Trades Workers,72,7214 Structural Metal Preparers and Erectors,sheet-metal-worker
72140,Structural metal preparer/erector,7,Craft and Related Trades Workers,72,7215 Riggers and Cable Splicers,structural-metal-preparer-erector
72150,Rigger/Cable splicer,7,Craft and Related Trades Workers,72,"722 BLACKSMITHS, TOOLMAKERS AND RELATED TRADES WORKERS 7221 Blacksmiths, Hammersmiths and Forging-Press Workers",rigger-cable-splicer
72210,Blacksmith/Hammersmith/Forging-press worker,7,Craft and Related Trades Workers,72,7222 Toolmakers and Related Workers,blacksmith-hammersmith-forging-press-worker
72229,Toolmaker and related worker n.e.c.,7,Craft and Related Trades Workers,72,"7224 Metal Polishers, Wheel Grinders and Tool Sharpeners",toolmaker-and-related-worker-n-e-c
72240,Metal polisher/Wheel grinder/Tool sharpener,7,Craft and Related Trades Workers,72,"723 MACHINERY MECHANICS, FITTERS AND REPAIRERS 7231 Automotive Mechanics",metal-polisher-wheel-grinder-tool-sharpener
72310,Automotive mechanic,7,Craft and Related Trades Workers,72,7232 Aircraft Engine Mechanics and Repairers,automotive-mechanic
72320,Aircraft engine mechanic/repairer,7,Craft and Related Trades Workers,72,7233 Rolling Stock Mechanics,aircraft-engine-mechanic-repairer
72330,Rolling stock mechanic,7,Craft and Related Trades Workers,72,7234 Bicycle and Related Repairers,rolling-stock-mechanic
72340,Bicycle and related repairer,7,Craft and Related Trades Workers,72,7235 Marine Engine Mechanics and Repairers 62  Singapore Department of Statistics Singapore Standard Occupational Classification 2024 Major Group 7: Craftsmen and Related Trades Workers,bicycle-and-related-repairer
72350,Marine engine mechanic/repairer,7,Craft and Related Trades Workers,72,"7239 Machinery Mechanics, Fitters and Repairers Not Elsewhere Classified",marine-engine-mechanic-repairer
72390,Machinery mechanic/fitter/repairer n.e.c.,7,Craft and Related Trades Workers,72,"73 PRECISION, HANDICRAFT, PRINTING AND RELATED TRADES WORKERS 730 SUPERVISORS AND GENERAL FOREMEN (PRECISION, HANDICRAFT, PRINTING AND RELATED TRADES) 7300 Supervisors and General Foremen (Precision, Handicraft, Printing and Related Trades)",machinery-mechanic-fitter-repairer-n-e-c
73000,Supervisor/General foreman (precision/handicraft/printing and related trades),7,Craft and Related Trades Workers,73,731 HANDICRAFT AND PRECISION WORKERS 7311 Precision Instrument Makers and Repairers,supervisor-general-foreman-precision-handicraft-printing-and-related-trades
73119,Precision instrument maker/repairer n.e.c.,7,Craft and Related Trades Workers,73,"7312 Musical Instrument Makers, Repairers and Tuners",precision-instrument-maker-repairer-n-e-c
73120,Musical instrument maker/repairer/tuner,7,Craft and Related Trades Workers,73,7313 Jewellery and Precious Metal Workers,musical-instrument-maker-repairer-tuner
73130,Jewellery/Precious metal worker,7,Craft and Related Trades Workers,73,7314 Potters and Related Workers,jewellery-precious-metal-worker
73140,Potter and related worker,7,Craft and Related Trades Workers,73,"7315 Glass Makers, Cutters, Grinders and Finishers",potter-and-related-worker
73150,Glass maker/cutter/grinder/finisher,7,Craft and Related Trades Workers,73,"7316 Sign Writers, Decorative Painters, Engravers and Etchers",glass-maker-cutter-grinder-finisher
73160,Sign writer/Decorative painter/Engraver/Etcher,7,Craft and Related Trades Workers,73,732 PRINTING TRADES WORKERS 7321 Pre-Press Trades Workers,sign-writer-decorative-painter-engraver-etcher
73210,Pre-press trades worker,7,Craft and Related Trades Workers,73,7322 Printers,pre-press-trades-worker
73220,Printer,7,Craft and Related Trades Workers,73,74 ELECTRICAL AND ELECTRONIC TRADES WORKERS Singapore Department of Statistics Singapore Standard Occupational Classification 2024  63 Major Group 7: Craftsmen and Related Trades Workers 740 SUPERVISORS AND GENERAL FOREMEN (ELECTRICAL AND ELECTRONIC TRADES) 7400 Supervisors and General Foremen (Electrical and Electronic Trades),printer
74002,"Supervisor/General foreman (electrical/electronic trades, excluding lift)",7,Craft and Related Trades Workers,74,741 ELECTRICAL EQUIPMENT RELATED TRADES WORKERS 7411 Electricians,supervisor-general-foreman-electrical-electronic-trades-excluding-lift
74110,Electrician,7,Craft and Related Trades Workers,74,7412 Electrical Mechanics and Fitters,electrician
74123,Electrical household appliance repairer,7,Craft and Related Trades Workers,74,7413 Electrical Line Installers and Repairers,electrical-household-appliance-repairer
74133,Underground electrical line installer/repairer,7,Craft and Related Trades Workers,74,742 ELECTRONICS AND TELECOMMUNICATIONS RELATED TRADES WORKERS 7421 Electronics Mechanics and Servicers,underground-electrical-line-installer-repairer
74210,Electronics fitter (excluding broadcasting and communication equipment),7,Craft and Related Trades Workers,74,7422 Information and Communications Technology Installers and Servicers,electronics-fitter-excluding-broadcasting-and-communication-equipment
74221,Consumer audio/video equipment/radar broadcasting/transmitting equipment,7,Craft and Related Trades Workers,74,fitter/mechanic,consumer-audio-video-equipment-radar-broadcasting-transmitting-equipment
74224,Telecommunications installer/servicer,7,Craft and Related Trades Workers,74,"75 FOOD PROCESSING, WOODWORKING, GARMENT, LEATHER AND OTHER CRAFT AND RELATED TRADES WORKERS 750 SUPERVISORS AND GENERAL FOREMEN (FOOD PROCESSING, WOODWORKING, GARMENT, LEATHER AND RELATED TRADES) 7500 Supervisors and General Foremen (Food Processing, Woodworking, Garment, Leather and Related Trades)",telecommunications-installer-servicer
75000,Supervisor/General foreman (food processing/woodworking/garment/leather,7,Craft and Related Trades Workers,75,"and related trades) 751 FOOD PROCESSING AND RELATED TRADES WORKERS 64  Singapore Department of Statistics Singapore Standard Occupational Classification 2024 Major Group 7: Craftsmen and Related Trades Workers 7511 Butchers, Fishmongers and Related Food Preparers",supervisor-general-foreman-food-processing-woodworking-garment-leather
75110,Butcher/Fishmonger and related food preparer,7,Craft and Related Trades Workers,75,"7512 Bakers, Pastry and Confectionery Makers",butcher-fishmonger-and-related-food-preparer
75122,Pastry/Confectionery maker,7,Craft and Related Trades Workers,75,7515 Food and Beverage Tasters and Graders,pastry-confectionery-maker
75150,Food and beverage taster/grader,7,Craft and Related Trades Workers,75,7519 Food Processing and Related Trades Workers Not Elsewhere Classified,food-and-beverage-taster-grader
75190,Food processing and related trades worker n.e.c.,7,Craft and Related Trades Workers,75,"752 WOOD TREATERS, CABINET MAKERS AND RELATED TRADES WORKERS 7521 Wood Treaters",food-processing-and-related-trades-worker-n-e-c
75210,Wood treater,7,Craft and Related Trades Workers,75,7522 Cabinet Makers and Wood Related Trades Workers,wood-treater
75220,Cabinet maker/Wood related trades worker,7,Craft and Related Trades Workers,75,7529 Furniture Makers and Related Trades Workers Not Elsewhere Classified,cabinet-maker-wood-related-trades-worker
75290,Furniture maker and related trades worker n.e.c.,7,Craft and Related Trades Workers,75,"753 GARMENT, LEATHER AND RELATED TRADES WORKERS 7531 Tailors and Dressmakers",furniture-maker-and-related-trades-worker-n-e-c
75310,Tailor/Dressmaker,7,Craft and Related Trades Workers,75,7532 Garment and Related Pattern-Makers and Cutters,tailor-dressmaker
75320,Garment and related pattern-maker/cutter,7,Craft and Related Trades Workers,75,7534 Upholsterers and Related Workers,garment-and-related-pattern-maker-cutter
75340,Upholsterer and related worker,7,Craft and Related Trades Workers,75,7536 Shoemakers and Related Workers,upholsterer-and-related-worker
75369,Shoemaker and related worker n.e.c.,7,Craft and Related Trades Workers,75,"7539 Garment, Leather and Related Trades Workers Not Elsewhere Classified",shoemaker-and-related-worker-n-e-c
75390,Garment/Leather and related trades worker n.e.c.,7,Craft and Related Trades Workers,75,754 OTHER CRAFT AND RELATED WORKERS Singapore Department of Statistics Singapore Standard Occupational Classification 2024  65 Major Group 7: Craftsmen and Related Trades Workers 7541 Underwater Divers,garment-leather-and-related-trades-worker-n-e-c
75410,Underwater diver,7,Craft and Related Trades Workers,75,7544 Fumigator and Related Pest and Weed Controllers,underwater-diver
75440,Fumigator and related pest/weed controller,7,Craft and Related Trades Workers,75,7549 Craft and Related Workers Not Elsewhere Classified,fumigator-and-related-pest-weed-controller
75490,Craft and related worker n.e.c.,7,Craft and Related Trades Workers,75,66  Singapore Department of Statistics Singapore Standard Occupational Classification 2024 Major Group 8: Plant and Machine Operators and Assemblers Major Group 8: Plant and Machine Operators and Assemblers 8 PLANT AND MACHINE OPERATORS AND ASSEMBLERS 81 STATIONARY PLANT AND MACHINE OPERATORS 810 STATIONARY PLANT AND MACHINE SUPERVISORS AND GENERAL FOREMEN 8100 Stationary Plant and Machine Supervisors and General Foremen,craft-and-related-worker-n-e-c
81000,Stationary plant/machine supervisor/general foreman,8,Plant and Machine Operators and Assemblers,81,811 MINING AND MINERAL PROCESSING PLANT OPERATORS 8113 Well Drillers and Borers and Related Mining Workers,stationary-plant-machine-supervisor-general-foreman
81130,Well driller/borer and related mining worker,8,Plant and Machine Operators and Assemblers,81,8114 Cement and Related Mineral Products Machine Operators,well-driller-borer-and-related-mining-worker
81140,Cement and related mineral products machine operator,8,Plant and Machine Operators and Assemblers,81,"812 METAL PROCESSING, FINISHING AND PRODUCTS PLANT OPERATORS 8121 Metal Melters, Casters and Rolling Mill Operators",cement-and-related-mineral-products-machine-operator
81210,Metal melter/caster/rolling mill operator,8,Plant and Machine Operators and Assemblers,81,8122 Metal Heat Treating Plant Operators,metal-melter-caster-rolling-mill-operator
81220,Metal heat treating plant operator,8,Plant and Machine Operators and Assemblers,81,8123 Metal Drawers and Extruders,metal-heat-treating-plant-operator
81230,Metal drawer/extruder,8,Plant and Machine Operators and Assemblers,81,"8124 Metal Finishing, Plating and Coating Machine Operators",metal-drawer-extruder
81240,Metal finishing/plating/coating machine operator,8,Plant and Machine Operators and Assemblers,81,8125 Machine-Tool Setter-Operators,metal-finishing-plating-coating-machine-operator
81259,Machine-tool setter-operator n.e.c.,8,Plant and Machine Operators and Assemblers,81,"813 CHEMICAL PROCESSING, CHEMICAL AND PHOTOGRAPHIC PRODUCTS PLANT AND MACHINE OPERATORS 8131 Chemical Processing and Products Plant and Machine Operators",machine-tool-setter-operator-n-e-c
81312,Pharmaceutical products machine operator,8,Plant and Machine Operators and Assemblers,81,8132 Photographic Products Machine Operators,pharmaceutical-products-machine-operator
81320,Photographic products machine operator,8,Plant and Machine Operators and Assemblers,81,"Singapore Department of Statistics Singapore Standard Occupational Classification 2024  67 Major Group 8: Plant and Machine Operators and Assemblers 8139 Chemical Processing, Chemical and Photographic Products Plant and Machine Operators Not Elsewhere Classified",photographic-products-machine-operator
81390,Chemical processing/chemical/photographic products plant/machine operator,8,Plant and Machine Operators and Assemblers,81,"n.e.c. 814 RUBBER, PLASTIC AND PAPER PRODUCTS MACHINE OPERATORS 8141 Rubber Products Machine Operators",chemical-processing-chemical-photographic-products-plant-machine-operator
81410,Rubber products machine operator,8,Plant and Machine Operators and Assemblers,81,8142 Plastic Products Machine Operators,rubber-products-machine-operator
81420,Plastic products machine operator,8,Plant and Machine Operators and Assemblers,81,8143 Paper and Paperboard Products Machine Operators,plastic-products-machine-operator
81430,Paper/Paperboard products machine operator,8,Plant and Machine Operators and Assemblers,81,"815 TEXTILE, FUR AND LEATHER PRODUCTS MACHINE OPERATORS 8150 Textile, Fur and Leather Products Machine Operators",paper-paperboard-products-machine-operator
81509,Textile/Fur/Leather products machine operator n.e.c.,8,Plant and Machine Operators and Assemblers,81,816 FOOD AND RELATED PRODUCTS MACHINE OPERATORS 8160 Food and Related Products Machine Operators,textile-fur-leather-products-machine-operator-n-e-c
81609,Food and related products machine operator n.e.c.,8,Plant and Machine Operators and Assemblers,81,817 WOOD PROCESSING AND PAPERMAKING PLANT OPERATORS 8170 Wood Processing and Papermaking Plant Operators,food-and-related-products-machine-operator-n-e-c
81700,Wood processing/Papermaking plant operator,8,Plant and Machine Operators and Assemblers,81,818 OTHER STATIONARY PLANT AND MACHINE OPERATORS 8181 Glass and Ceramics Plant Operators,wood-processing-papermaking-plant-operator
81810,Glass/Ceramics plant operator,8,Plant and Machine Operators and Assemblers,81,8182 Steam Engine and Boiler Operators,glass-ceramics-plant-operator
81821,Boiler fireman,8,Plant and Machine Operators and Assemblers,81,68  Singapore Department of Statistics Singapore Standard Occupational Classification 2024 Major Group 8: Plant and Machine Operators and Assemblers,boiler-fireman
81829,Steam engine/boiler operator n.e.c.,8,Plant and Machine Operators and Assemblers,81,"8183 Packing, Bottling and Labelling Machine Operators",steam-engine-boiler-operator-n-e-c
81830,Packing/Bottling/Labelling machine operator,8,Plant and Machine Operators and Assemblers,81,"8184 Printing, Binding and Related Machine Operators",packing-bottling-labelling-machine-operator
81849,Printing/Binding and related machine operator n.e.c.,8,Plant and Machine Operators and Assemblers,81,8189 Stationary Plant and Machine Operators Not Elsewhere Classified,printing-binding-and-related-machine-operator-n-e-c
81890,Stationary plant/machine operator n.e.c.,8,Plant and Machine Operators and Assemblers,81,82 ASSEMBLERS AND QUALITY CHECKERS 820 SUPERVISORS AND GENERAL FOREMEN OF ASSEMBLERS AND QUALITY CHECKERS 8200 Supervisors and General Foremen of Assemblers and Quality Checkers,stationary-plant-machine-operator-n-e-c
82000,Supervisor/General foreman of assemblers/quality checkers,8,Plant and Machine Operators and Assemblers,82,"821 ASSEMBLERS, QUALITY CHECKERS AND TESTERS 8211 Mechanical Machinery Assemblers",supervisor-general-foreman-of-assemblers-quality-checkers
82110,Mechanical equipment/component assembler,8,Plant and Machine Operators and Assemblers,82,8212 Electrical and Electronic Equipment Assemblers,mechanical-equipment-component-assembler
82123,Battery assembler,8,Plant and Machine Operators and Assemblers,82,8213 Quality Checkers and Testers,battery-assembler
82139,Quality checker/tester n.e.c.,8,Plant and Machine Operators and Assemblers,82,8219 Assemblers Not Elsewhere Classified,quality-checker-tester-n-e-c
82190,Assembler n.e.c.,8,Plant and Machine Operators and Assemblers,82,83 DRIVERS AND MOBILE MACHINERY OPERATORS 830 MOBILE MACHINERY SUPERVISORS AND GENERAL FOREMEN 8300 Mobile Machinery Supervisors and General Foremen Singapore Department of Statistics Singapore Standard Occupational Classification 2024  69 Major Group 8: Plant and Machine Operators and Assemblers,assembler-n-e-c
83000,Mobile machinery supervisor/general foreman,8,Plant and Machine Operators and Assemblers,83,831 TRAIN OPERATORS AND RELATED WORKERS 8311 Train Operators,mobile-machinery-supervisor-general-foreman
83110,Train operator,8,Plant and Machine Operators and Assemblers,83,8312 Railway Brakers and Related Workers,train-operator
83120,Railway braker and related worker,8,Plant and Machine Operators and Assemblers,83,832 CAR AND LIGHT GOODS VEHICLE DRIVERS 8321 Motorcycle Delivery Workers,railway-braker-and-related-worker
83212,Delivery worker using motorised personal mobility aids/devices,8,Plant and Machine Operators and Assemblers,83,"8322 Car, Taxi, Van and Light Goods Vehicle Drivers",delivery-worker-using-motorised-personal-mobility-aids-devices
83229,Car/Taxi/Van/Light goods vehicle driver n.e.c.,8,Plant and Machine Operators and Assemblers,83,833 HEAVY TRUCK AND BUS DRIVERS 8331 Bus and Tram Drivers,car-taxi-van-light-goods-vehicle-driver-n-e-c
83312,Tram driver,8,Plant and Machine Operators and Assemblers,83,8332 Heavy Truck and Lorry Drivers,tram-driver
83329,Heavy truck/Lorry driver n.e.c.,8,Plant and Machine Operators and Assemblers,83,834 MOBILE MACHINERY OPERATORS 8342 Earth Moving and Related Machinery Operators 70  Singapore Department of Statistics Singapore Standard Occupational Classification 2024 Major Group 8: Plant and Machine Operators and Assemblers,heavy-truck-lorry-driver-n-e-c
83429,Earth moving and related machinery operator n.e.c.,8,Plant and Machine Operators and Assemblers,83,"8343 Crane, Hoist and Related Equipment Operators",earth-moving-and-related-machinery-operator-n-e-c
83439,Crane/Hoist and related equipment operator n.e.c.,8,Plant and Machine Operators and Assemblers,83,8344 Lifting Truck Operators,crane-hoist-and-related-equipment-operator-n-e-c
83449,Lifting truck operator n.e.c.,8,Plant and Machine Operators and Assemblers,83,8349 Mobile Machinery Operators Not Elsewhere Classified,lifting-truck-operator-n-e-c
83499,Other mobile machinery operator n.e.c.,8,Plant and Machine Operators and Assemblers,83,835 SHIPS’ DECK CREW AND RELATED WORKERS 8350 Ships’ Deck Crew and Related Workers,other-mobile-machinery-operator-n-e-c
83509,Ship’s deck crew and related worker n.e.c.,8,Plant and Machine Operators and Assemblers,83,"Singapore Department of Statistics Singapore Standard Occupational Classification 2024  71 Major Group 9: Cleaners, Labourers and Related Workers Major Group 9: Cleaners, Labourers and Related Workers 9 CLEANERS, LABOURERS AND RELATED WORKERS 91 CLEANERS AND RELATED WORKERS 910 CLEANING SUPERVISORS 9100 Cleaning Supervisors",ship-s-deck-crew-and-related-worker-n-e-c
91000,Cleaning supervisor,9,Elementary Occupations,91,"911 CLEANERS AND HELPERS IN HOTELS, OFFICES AND OTHER ESTABLISHMENTS 9112 Cleaners and Helpers in Hotels and Related Establishments",cleaning-supervisor
91129,Cleaner/Helper in hotel and related establishment n.e.c.,9,Elementary Occupations,91,"9113 Cleaners in Offices, Commercial and Industrial Establishments",cleaner-helper-in-hotel-and-related-establishment-n-e-c
91133,Office/Commercial/Industrial establishment multi-skilled cleaner cum machine,9,Elementary Occupations,91,operator 9115 Cleaners in Food and Beverage Establishments,office-commercial-industrial-establishment-multi-skilled-cleaner-cum-machine
91154,Food and beverage establishment multi-skilled cleaner cum machine operator,9,Elementary Occupations,91,9116 Cleaners in Residential and Open Areas,food-and-beverage-establishment-multi-skilled-cleaner-cum-machine-operator
91162,Residential/Open areas multi-skilled cleaner cum machine operator,9,Elementary Occupations,91,"912 VEHICLE, WINDOW, LAUNDRY AND OTHER HAND CLEANING WORKERS 9121 Hand Launderers and Pressers",residential-open-areas-multi-skilled-cleaner-cum-machine-operator
91210,Hand launderer/presser (non-household),9,Elementary Occupations,91,9122 Vehicle Cleaners,hand-launderer-presser-non-household
91220,Motor vehicle cleaner/polisher,9,Elementary Occupations,91,9123 Window Cleaners,motor-vehicle-cleaner-polisher
91230,Window cleaner,9,Elementary Occupations,91,"72  Singapore Department of Statistics Singapore Standard Occupational Classification 2024 Major Group 9: Cleaners, Labourers and Related Workers 9129 Cleaning Workers Not Elsewhere Classified",window-cleaner
91299,Other cleaning worker n.e.c.,9,Elementary Occupations,91,913 DOMESTIC HELPERS AND CLEANERS 9130 Domestic Helpers and Cleaners,other-cleaning-worker-n-e-c
91300,Domestic helper/cleaner,9,Elementary Occupations,91,"92 AGRICULTURAL, FISHERY AND RELATED LABOURERS 921 AGRICULTURAL, FISHERY AND RELATED LABOURERS 9214 Park, Garden and Landscape Maintenance Workers",domestic-helper-cleaner
92149,Park/Garden/Landscape maintenance worker n.e.c.,9,Elementary Occupations,92,"9219 Agricultural, Fishery and Related Labourers Not Elsewhere Classified",park-garden-landscape-maintenance-worker-n-e-c
92190,Agricultural/Fishery and related labourer n.e.c.,9,Elementary Occupations,92,93 LABOURERS AND RELATED WORKERS 931 CONSTRUCTION LABOURERS AND RELATED WORKERS 9310 Civil Engineering and Building Construction Labourers,agricultural-fishery-and-related-labourer-n-e-c
93100,Civil engineering/Building construction labourer,9,Elementary Occupations,93,932 MANUFACTURING LABOURERS AND RELATED WORKERS 9320 Manufacturing Labourers and Related Workers,civil-engineering-building-construction-labourer
93209,Manufacturing labourer and related worker n.e.c.,9,Elementary Occupations,93,933 TRANSPORT AND STORAGE LABOURERS 9331 Hand and Pedal Vehicle Drivers,manufacturing-labourer-and-related-worker-n-e-c
93310,Hand/Pedal vehicle driver,9,Elementary Occupations,93,9333 Material and Freight Handling Workers,hand-pedal-vehicle-driver
93332,Railway/Road vehicle loader,9,Elementary Occupations,93,"Singapore Department of Statistics Singapore Standard Occupational Classification 2024  73 Major Group 9: Cleaners, Labourers and Related Workers",railway-road-vehicle-loader
93339,Material/Freight handling worker n.e.c.,9,Elementary Occupations,93,94 FOOD PREPARATION AND KITCHEN ASSISTANTS 941 FOOD PREPARATION AND KITCHEN ASSISTANTS 9410 Food Preparation and Kitchen Assistants,material-freight-handling-worker-n-e-c
94104,"Tea server/steward (excluding bartender, barista and food/drink stall assistant)",9,Elementary Occupations,94,"96 WASTE COLLECTION, RECYCLING AND MATERIAL RECOVERY WORKERS AND OTHER ELEMENTARY WORKERS 960 WASTE AND RECYCLABLES COLLECTION SUPERVISORS 9600 Waste Collection, Recycling and Material Recovery Supervisors",tea-server-steward-excluding-bartender-barista-and-food-drink-stall-assistant
96000,Waste collection/recycling/material recovery supervisor,9,Elementary Occupations,96,"961 WASTE COLLECTION, RECYCLING AND MATERIAL RECOVERY WORKERS 9610 Waste Collection, Recycling and Material Recovery Workers",waste-collection-recycling-material-recovery-supervisor
96109,Waste collection/recycling/material recovery worker n.e.c.,9,Elementary Occupations,96,"962 PORTERS, ATTENDANTS AND RELATED WORKERS 9621 Porters and Related Workers",waste-collection-recycling-material-recovery-worker-n-e-c
96213,Porter (excluding hotel),9,Elementary Occupations,96,9625 Attendants,porter-excluding-hotel
96252,Laboratory attendant,9,Elementary Occupations,96,"74  Singapore Department of Statistics Singapore Standard Occupational Classification 2024 Major Group 9: Cleaners, Labourers and Related Workers",laboratory-attendant
96259,Attendant n.e.c.,9,Elementary Occupations,96,9626 Building Caretaker and Related Workers,attendant-n-e-c
96269,Building caretaker and related worker n.e.c.,9,Elementary Occupations,96,9627 Concierge and Related Workers,building-caretaker-and-related-worker-n-e-c
96272,Concierge (hotel),9,Elementary Occupations,96,9629 Elementary Workers Not Elsewhere Classified,concierge-hotel
96299,Other elementary worker n.e.c.,9,Elementary Occupations,96,"Singapore Department of Statistics Singapore Standard Occupational Classification 2024  75 Major Group X: Workers Not Elsewhere Classified Major Group X: Workers Not Elsewhere Classified X WORKERS NOT ELSEWHERE CLASSIFIED X1000 Worker reporting unidentifiable or inadequately described occupation X2000 Worker not reporting any occupation X3000 Singapore armed forces personnel X4000 Foreign armed forces personnel X5000 Foreign diplomatic personnel 76  Singapore Department of Statistics Singapore Standard Occupational Classification 2024 Acknowledgements Singapore Department of Statistics Mr Tang Hsiu Chin (Director, Policy Planning Division) Ms Wong Yuet Mei (Deputy Director, Policy Planning Division) Ms Heng Xin Yu (Assistant Director, Policy Planning Division) Ms Feng Huimin (Assistant Director, Policy Planning Division) Ms Estee Amanda Tan (Manager, Policy Planning Division) Ms Chang Hwee Hwang (Senior Assistant Director, Economic Accounts Division) Mr Roger Seen (Senior Assistant Director, Input-Output Tables Division) Ms Ellie Tay (Statistician, Household, Income and Population Division) Mr Norman See (Statistician, Household Surveys and Expenditure Division) Mr Eric Ng (Assistant Manager, Business Statistics Division) Cyber Security Agency Mr Paul Wong (Assistant Director, Ecosystem Development Division) Economic Development Board Ms Cheng Wai San (Director, Research and Statistics Unit) Ms Stephanie Mak (Assistant Vice President, Research and Statistics Unit) Ms Tan Cui-Yun (Assistant Vice President, Strategy Division, Environmental Sustainability) Infocomm Media Development Authority Mr Kenneth Yeow (Deputy Director, Research and Statistics Unit) Mr Heng Shi Jie (Manager, Research & Statistics Unit) Ms Tan Yan Ting (Deputy Director, Media Capability Development) Mr Jeffrey Lim (Manager, Media Capability Development) Mr Yu Danquan (Assistant Director, Planning Strategy and Data) Mr Muhammad Taha Jailani (Assistant Manager, Planning Strategy and Data) Ministry of Education Ms Glenda Quek (Lead Research Specialist, Management Information / Data Strategy and Analytics) Ministry of Health Mr Foo Jie Jing (Assistant Director, Health Analytics Division) Ministry of Manpower Mr Daniel Sim Tze Wei (Deputy Director, Manpower Research and Statistics Department) Mr Alfred Koh (Senior Methodologist, Manpower Research and Statistics Department) Ms Ho Jie Jia (Statistical Specialist, Manpower Research and Statistics Department) Singapore Department of Statistics Singapore Standard Occupational Classification 2024  77 Monetary Authority of Singapore Mr Xie Kaiwei (Lead Economist, Economic Surveillance & Forecasting Department) Ms Cheong Wei Si (Economist, Economic Surveillance & Forecasting Department) Public Service Division Ms Dawn Lai (Assistant Director (Data Governance), Strategic Planning and Research Division) Ms Lin Zhihui (Assistant Director (Data Strategy), Strategic Planning and Research Division) Skills Future Singapore Ms Tan Han Ping (Principal Manager, Data Strategy and Governance Division) Mr Derrick Low Heng Jie (Principal Manager, Skills Strategy and Planning Team Strategy) Mr Glenn Koh (Principal Manager, Jobs-Skills Insights Division) Mr Colin Chai (Jobs-Skills Analyst, Jobs-Skills Insights Division) Mr Jeremy Liu (Jobs-Skills Analyst, Jobs-Skills Insights Division) Mr Darryl Leong (Jobs-Skills Analyst, Jobs-Skills Insights Division) Workforce Singapore Ms Priscilla Li (Principal Data Analyst, Data Strategy and Analytics Division) Mr Tham Zhi Cong (Data Analyst, Data Strategy and Analytics Division) In consultation with: Building and Construction Authority Ministry of Home Affairs Council for Estate Agencies Ministry of Law Central Provident Fund Board Ministry of Social and Family Development Early Childhood Development Agency Ministry of Trade and Industry Energy Market Authority National Environment Agency Enterprise Singapore National Parks Board Intellectual Property Office of Singapore Prime Minister’s Office Inland Revenue Authority of Singapore Singapore Accountancy Commission Land Transport Authority Singapore Food Agency Maritime and Port Authority of Singapore Singapore Tourism Board Ministry of Communications and Information 78  Singapore Department of Statistics Singapore Standard Occupational Classification 2024 SINGAPORE DEPARTMENT OF STATISTICS COMMUNICATIONS & INFORMATION SERVICES Singapore Department of Statistics (DOS) offers official statistics, data insights, visualisations and statistical resources through user-friendly platforms. SingStat Website Visit this convenient gateway to access latest data and statistical information. Data across the six major themes of Economy , Industry, Trade & Investment, Population, Households and Society, covering & Prices some 200topics such as Gross Domestic Product, Consumer Price Index, Retail Sales and Food & Beverage Services Indices, Producer Price Indices, Business Expectations, Business Receipts Index, Trade in Services, Direct Investment, Population Indicators, Household Income, Household Expenditure, Deaths and Life Expectancy, Births and Fertility, Marriages and Divorces, and more. Publications Information Papers which highlight conceptual and methodological changes and improvements in official statistics. Occasional Papers which present statistical trends and observations on important social and economic issues to stimulate discussion and research. eBook of Statistics which consolidates latest information and resources on key economic and socio-demographic domains. Singapore in Figures which allows exploration of key economic and socio-demographic statistics through interactive dashboards. Statistics Singapore Newsletter which features articles on latest key statistical activities, recent survey findings and methodological improvements. Visualisations such as infographics and interactive dashboards with latest data, and videos to explain data and statistical concepts. Data for Businesses with data tools to empower data-driven business decisions, giving firms insights on their customers, industries and business performance. Advance Release Calendar providing dates of upcoming data releases in the next six months. SingStat Table Builder Access for free over 2,200 data tables across various economic and socio-demographic domains from 70 public sector agencies. Watch the video to find out how you can easily access and customise data tables. SingStat Mobile App (cid:31)(cid:30)(cid:29)(cid:28)(cid:27)(cid:30)(cid:26)(cid:25) Download the app for fast and convenient access to commonly referenced statistics your mobile devices. Over 260 charts are available across via 38 data categories for easy data trends. visualisation of SingStat Express Subscribe to receive alerts on the latest press releases, occasional/information papers and newsletters. Find us on social media! For statistical enquiries, you may reach us at: @SingStat email: info@singstat.gov.sg or submit the Data Request Form phone: 1800-323 8118* (Local users) or (65) 6332 7738 (Overseas users) @singstat_dos @SingStatvideo * Calls from mobile telephone lines to 1800 local toll-free number may be subject to mobile airtime charges as imposed by the relevant mobile service provider. @sg-department-of-statistics",other-elementary-worker-n-e-c
